timestamp,request_rate,avg_response_latency,p95_response_latency,error_rate,active_requests,cpu_usage_pct,memory_usage_mb
2026-08-23 18:21:01,19.738,0.0528,0.0912,0.0,2.0,17.41,67.54
2026-08-23 18:21:06,17.516,0.0395,0.0708,0.0,4.0,17.49,67.64
2026-08-23 18:21:11,20.267,0.0368,0.0554,0.0,1.0,19.13,67.03
2026-08-23 18:21:16,23.331,0.045,0.0804,0.0,0.0,15.13,69.37
2026-08-23 18:21:21,17.18,0.0433,0.0681,0.0,2.0,11.92,66.73
2026-08-23 18:21:26,17.181,0.0405,0.0623,0.0,4.0,14.48,67.28
2026-08-23 18:21:31,23.527,0.052,0.0738,0.0,5.0,16.78,65.48
2026-08-23 18:21:36,20.686,0.0546,0.0775,0.0,2.0,15.25,68.76
2026-08-23 18:21:41,16.357,0.0459,0.0769,0.0,2.0,16.1,69.88
2026-08-23 18:21:46,19.899,0.0598,0.0946,0.0,3.0,19.1,67.28
2026-08-23 18:21:51,16.378,0.0336,0.0501,0.0,4.0,16.75,69.61
2026-08-23 18:21:56,16.37,0.0431,0.0709,0.0,1.0,15.6,67.71
2026-08-23 18:22:01,18.847,0.0378,0.0568,0.0,2.0,9.47,62.95
2026-08-23 18:22:06,11.304,0.0263,0.043,0.0,2.0,12.65,67.9
2026-08-23 18:22:11,11.963,0.0442,0.0682,0.0,4.0,13.79,67.65
2026-08-23 18:22:16,16.032,0.0438,0.0757,0.0,2.0,9.07,68.21
2026-08-23 18:22:21,14.455,0.0601,0.1039,0.0,2.0,11.67,68.51
2026-08-23 18:22:26,19.1,0.0513,0.0816,0.0,2.0,14.19,66.63
2026-08-23 18:22:31,14.822,0.0348,0.0535,0.0,2.0,14.68,70.94
2026-08-23 18:22:36,13.057,0.0635,0.0982,0.0,3.0,16.52,67.87
2026-08-23 18:22:41,23.13,0.0572,0.0985,0.0,1.0,14.38,67.6
2026-08-23 18:22:46,17.21,0.0508,0.0778,0.067,3.0,15.74,69.49
2026-08-23 18:22:51,18.236,0.0427,0.0634,0.0,2.0,13.75,68.04
2026-08-23 18:22:56,13.013,0.0354,0.0508,0.0,2.0,15.13,73.13
2026-08-23 18:23:01,16.095,0.0413,0.0655,0.0,4.0,16.35,67.58
2026-08-23 18:23:06,18.388,0.0559,0.089,0.0,1.0,19.42,68.7
2026-08-23 18:23:11,13.972,0.0638,0.1109,0.0,4.0,13.46,66.5
2026-08-23 18:23:16,19.315,0.0604,0.09,0.0,2.0,15.43,69.74
2026-08-23 18:23:21,15.898,0.0401,0.0623,0.0,2.0,17.61,68.62
2026-08-23 18:23:26,16.979,0.0338,0.0583,0.0,1.0,10.68,67.32
2026-08-23 18:23:31,15.894,0.0464,0.0803,0.0,2.0,20.99,66.26
2026-08-23 18:23:36,24.483,0.0273,0.0424,0.0,3.0,18.54,65.38
2026-08-23 18:23:41,17.953,0.0482,0.0764,0.0,2.0,9.87,68.84
2026-08-23 18:23:46,14.298,0.0435,0.0662,0.0,1.0,16.11,65.23
2026-08-23 18:23:51,20.879,0.0403,0.0715,0.0,1.0,13.31,70.62
2026-08-23 18:23:56,13.727,0.0291,0.0421,0.0,4.0,13.81,65.47
2026-08-23 18:24:01,18.731,0.0501,0.0889,0.0,2.0,16.05,67.64
2026-08-23 18:24:06,11.141,0.0397,0.0664,0.0,0.0,18.15,66.24
2026-08-23 18:24:11,13.351,0.0333,0.0537,0.0,4.0,13.6,68.07
2026-08-23 18:24:16,18.689,0.0163,0.023,0.0,1.0,13.64,68.05
2026-08-23 18:24:21,20.585,0.0447,0.0711,0.0,2.0,16.12,68.89
2026-08-23 18:24:26,18.6,0.0627,0.098,0.0,3.0,16.72,64.95
2026-08-23 18:24:31,17.595,0.0616,0.0902,0.0,3.0,11.98,66.47
2026-08-23 18:24:36,16.946,0.0404,0.0672,0.0,2.0,20.17,69.94
2026-08-23 18:24:41,12.825,0.039,0.0697,0.0,2.0,13.07,69.32
2026-08-23 18:24:46,15.481,0.0497,0.0807,0.0,3.0,17.89,63.0
2026-08-23 18:24:51,16.388,0.035,0.059,0.0,4.0,16.36,68.75
2026-08-23 18:24:56,21.7,0.048,0.0685,0.0,5.0,16.82,65.94
2026-08-23 18:25:01,19.203,0.0527,0.0825,0.0,2.0,13.13,66.82
2026-08-23 18:25:06,11.829,0.0573,0.0828,0.054,2.0,9.83,67.55
2026-08-23 18:25:11,19.134,0.044,0.0724,0.0,1.0,14.94,71.11
2026-08-23 18:25:16,16.652,0.043,0.0763,0.0,3.0,14.95,65.91
2026-08-23 18:25:21,15.631,0.0362,0.0603,0.0,2.0,12.13,65.19
2026-08-23 18:25:26,20.141,0.0367,0.0526,0.0,3.0,17.75,68.9
2026-08-23 18:25:31,21.608,0.0427,0.0659,0.0,3.0,14.85,67.94
2026-08-23 18:25:36,21.259,0.0487,0.0789,0.0,1.0,12.57,70.41
2026-08-23 18:25:41,15.063,0.0541,0.0845,0.0,2.0,16.76,67.29
2026-08-23 18:25:46,16.918,0.037,0.0641,0.0,1.0,16.83,70.42
2026-08-23 18:25:51,19.159,0.0599,0.1034,0.0,4.0,12.85,68.03
2026-08-23 18:25:56,21.414,0.0423,0.0696,0.0,0.0,18.7,69.06
2026-08-23 18:26:01,16.323,0.0448,0.0694,0.0,3.0,21.73,71.25
2026-08-23 18:26:06,17.35,0.0375,0.0564,0.0,2.0,11.73,67.67
2026-08-23 18:26:11,14.128,0.0208,0.0299,0.0,1.0,14.45,70.09
2026-08-23 18:26:16,13.813,0.0538,0.083,0.0,2.0,16.01,66.77
2026-08-23 18:26:21,20.844,0.0524,0.082,0.0,3.0,21.84,68.46
2026-08-23 18:26:26,22.747,0.0422,0.0705,0.0,0.0,12.8,65.11
2026-08-23 18:26:31,17.748,0.0457,0.076,0.0,6.0,12.18,66.99
2026-08-23 18:26:36,21.512,0.0502,0.0716,0.0,1.0,12.16,65.88
2026-08-23 18:26:41,19.266,0.0294,0.0458,0.0,2.0,18.66,70.44
2026-08-23 18:26:46,15.742,0.0397,0.0585,0.0,3.0,12.88,71.48
2026-08-23 18:26:51,19.265,0.0529,0.0774,0.0,3.0,12.45,67.29
2026-08-23 18:26:56,23.383,0.0325,0.0562,0.0,4.0,15.69,66.45
2026-08-23 18:27:01,17.875,0.0479,0.0679,0.0,2.0,15.92,65.37
2026-08-23 18:27:06,23.476,0.0314,0.0493,0.0,1.0,18.21,68.53
2026-08-23 18:27:11,8.831,0.0497,0.0729,0.0,3.0,15.28,66.8
2026-08-23 18:27:16,20.877,0.0446,0.0782,0.0,3.0,15.75,66.9
2026-08-23 18:27:21,18.305,0.0288,0.0468,0.0,5.0,14.68,71.26
2026-08-23 18:27:26,16.953,0.0566,0.0845,0.0,2.0,11.09,67.41
2026-08-23 18:27:31,18.321,0.0377,0.0603,0.0,1.0,14.4,69.17
2026-08-23 18:27:36,11.044,0.0369,0.0625,0.0,1.0,15.19,68.11
2026-08-23 18:27:41,17.231,0.047,0.0838,0.0,1.0,13.67,65.29
2026-08-23 18:27:46,19.25,0.0565,0.0841,0.0,2.0,10.31,64.31
2026-08-23 18:27:51,23.173,0.0348,0.0611,0.0,2.0,11.6,68.98
2026-08-23 18:27:56,16.186,0.0456,0.0809,0.0,4.0,14.88,71.41
2026-08-23 18:28:01,15.17,0.0493,0.0871,0.0,3.0,17.8,68.63
2026-08-23 18:28:06,16.244,0.0519,0.0859,0.0,3.0,20.05,69.25
2026-08-23 18:28:11,21.204,0.0468,0.0773,0.0,2.0,14.45,66.19
2026-08-23 18:28:16,19.151,0.0413,0.0645,0.0,1.0,12.85,70.03
2026-08-23 18:28:21,16.146,0.0367,0.0625,0.0,2.0,13.88,70.01
2026-08-23 18:28:26,19.796,0.0459,0.074,0.0,2.0,11.86,66.61
2026-08-23 18:28:31,18.34,0.0343,0.0573,0.0,3.0,17.36,69.09
2026-08-23 18:28:36,21.39,0.0158,0.0248,0.0,0.0,21.41,64.47
2026-08-23 18:28:41,15.543,0.0494,0.0836,0.0,0.0,12.92,69.45
2026-08-23 18:28:46,16.853,0.054,0.0935,0.0,3.0,11.42,66.86
2026-08-23 18:28:51,16.628,0.0214,0.0312,0.0,2.0,18.02,65.55
2026-08-23 18:28:56,12.878,0.0349,0.0605,0.0,3.0,15.95,68.81
2026-08-23 18:29:01,19.036,0.0512,0.0827,0.0,3.0,16.0,64.46
2026-08-23 18:29:06,18.914,0.0656,0.114,0.0,4.0,19.76,68.68
2026-08-23 18:29:11,18.018,0.0452,0.0711,0.0,3.0,10.9,65.74
2026-08-23 18:29:16,17.179,0.0377,0.0585,0.0,2.0,10.82,65.31
2026-08-23 18:29:21,13.046,0.0432,0.0762,0.0,5.0,14.51,68.12
2026-08-23 18:29:26,16.528,0.0587,0.0882,0.0,3.0,15.19,67.65
2026-08-23 18:29:31,16.8,0.0385,0.067,0.0,4.0,13.94,70.91
2026-08-23 18:29:36,15.192,0.037,0.059,0.0,2.0,22.38,65.43
2026-08-23 18:29:41,17.436,0.0402,0.0645,0.0,5.0,14.07,70.75
2026-08-23 18:29:46,19.414,0.0355,0.054,0.0,3.0,13.35,65.72
2026-08-23 18:29:51,24.602,0.0462,0.0753,0.0,3.0,15.37,69.84
2026-08-23 18:29:56,18.611,0.0612,0.0937,0.0,3.0,17.91,70.21
2026-08-23 18:30:01,18.901,0.0482,0.0683,0.0,4.0,12.82,68.64
2026-08-23 18:30:06,17.739,0.0425,0.0641,0.0,3.0,14.56,66.42
2026-08-23 18:30:11,11.284,0.0421,0.059,0.0,2.0,18.0,64.95
2026-08-23 18:30:16,17.907,0.0294,0.0526,0.0,4.0,18.16,64.1
2026-08-23 18:30:21,18.211,0.0538,0.0962,0.0,3.0,15.65,71.7
2026-08-23 18:30:26,26.621,0.0442,0.0689,0.0,2.0,22.26,67.41
2026-08-23 18:30:31,17.327,0.0432,0.0731,0.0,2.0,20.94,65.79
2026-08-23 18:30:36,19.055,0.0769,0.1183,0.0,4.0,10.78,65.71
2026-08-23 18:30:41,17.879,0.048,0.0801,0.0,1.0,9.92,68.34
2026-08-23 18:30:46,13.91,0.0375,0.0646,0.0,2.0,17.39,67.21
2026-08-23 18:30:51,22.0,0.0407,0.0725,0.0,3.0,19.1,64.16
2026-08-23 18:30:56,20.632,0.0565,0.0881,0.0,1.0,14.33,69.73
2026-08-23 18:31:01,20.769,0.0461,0.079,0.0,1.0,13.49,68.67
2026-08-23 18:31:06,14.817,0.0306,0.0461,0.0,6.0,12.54,71.68
2026-08-23 18:31:11,22.91,0.0542,0.0973,0.0,1.0,11.5,70.28
2026-08-23 18:31:16,13.094,0.0383,0.054,0.0,4.0,18.41,61.8
2026-08-23 18:31:21,20.054,0.0637,0.1046,0.0,1.0,13.86,70.83
2026-08-23 18:31:26,25.667,0.0558,0.0928,0.0,1.0,15.91,70.41
2026-08-23 18:31:31,14.533,0.0405,0.0679,0.0,3.0,9.52,66.53
2026-08-23 18:31:36,16.018,0.0578,0.0837,0.0,5.0,18.01,67.13
2026-08-23 18:31:41,18.349,0.0457,0.0811,0.0,2.0,16.76,68.82
2026-08-23 18:31:46,16.238,0.0535,0.0788,0.0,3.0,10.97,65.97
2026-08-23 18:31:51,12.573,0.0498,0.0822,0.0,4.0,15.78,67.51
2026-08-23 18:31:56,18.24,0.0365,0.0544,0.0,1.0,15.01,70.0
2026-08-23 18:32:01,14.282,0.0386,0.0587,0.0,0.0,13.65,69.04
2026-08-23 18:32:06,19.658,0.0553,0.0895,0.0,2.0,6.29,66.67
2026-08-23 18:32:11,14.782,0.0417,0.0653,0.0,2.0,13.02,70.05
2026-08-23 18:32:16,23.425,0.041,0.06,0.0,1.0,15.91,68.61
2026-08-23 18:32:21,15.259,0.0354,0.0521,0.0,1.0,13.35,68.54
2026-08-23 18:32:26,16.873,0.0492,0.0772,0.0,2.0,14.33,66.97
2026-08-23 18:32:31,20.847,0.0656,0.1118,0.0,2.0,19.49,67.99
2026-08-23 18:32:36,13.692,0.0343,0.0604,0.0,3.0,14.77,66.45
2026-08-23 18:32:41,18.796,0.0452,0.0649,0.0,3.0,8.71,64.12
2026-08-23 18:32:46,22.575,0.0591,0.0921,0.0,2.0,14.45,67.44
2026-08-23 18:32:51,12.374,0.0442,0.0637,0.0,2.0,15.3,67.76
2026-08-23 18:32:56,18.646,0.0495,0.0697,0.0,3.0,12.52,68.27
2026-08-23 18:33:01,18.91,0.0344,0.0572,0.0,1.0,17.2,70.42
2026-08-23 18:33:06,20.736,0.0493,0.0809,0.0,2.0,10.61,66.7
2026-08-23 18:33:11,13.671,0.0431,0.0632,0.0,3.0,14.59,67.26
2026-08-23 18:33:16,13.378,0.0549,0.0819,0.0,3.0,10.58,69.53
2026-08-23 18:33:21,19.827,0.0569,0.0802,0.0,4.0,14.11,66.49
2026-08-23 18:33:26,19.039,0.0709,0.1229,0.0,3.0,17.12,68.31
2026-08-23 18:33:31,18.877,0.0508,0.0909,0.0,0.0,14.51,67.18
2026-08-23 18:33:36,19.213,0.0483,0.0702,0.0,1.0,14.34,67.51
2026-08-23 18:33:41,15.62,0.0469,0.0701,0.0,3.0,15.08,69.52
2026-08-23 18:33:46,18.813,0.0415,0.0725,0.0,3.0,15.23,67.25
2026-08-23 18:33:51,19.026,0.0484,0.0857,0.0,1.0,17.08,69.58
2026-08-23 18:33:56,15.5,0.042,0.0659,0.0,2.0,17.1,64.1
2026-08-23 18:34:01,24.53,0.0467,0.0663,0.0,4.0,19.27,65.14
2026-08-23 18:34:06,19.658,0.0582,0.0824,0.0,1.0,15.5,63.36
2026-08-23 18:34:11,13.83,0.0349,0.0569,0.0,4.0,10.02,65.67
2026-08-23 18:34:16,20.298,0.0564,0.0878,0.0,3.0,17.57,71.71
2026-08-23 18:34:21,14.589,0.0582,0.0821,0.0,4.0,19.05,67.96
2026-08-23 18:34:26,20.755,0.0438,0.0716,0.0,0.0,22.39,66.56
2026-08-23 18:34:31,22.055,0.0238,0.0334,0.0,2.0,19.36,69.57
2026-08-23 18:34:36,15.128,0.0389,0.0667,0.0,6.0,13.53,69.85
2026-08-23 18:34:41,21.372,0.058,0.0883,0.0,4.0,15.56,65.56
2026-08-23 18:34:46,19.445,0.0448,0.0634,0.0,3.0,14.19,73.0
2026-08-23 18:34:51,20.877,0.035,0.0572,0.0,1.0,13.78,68.55
2026-08-23 18:34:56,24.639,0.04,0.0623,0.0,1.0,14.66,68.8
2026-08-23 18:35:01,17.141,0.0534,0.0956,0.0,0.0,18.86,68.99
2026-08-23 18:35:06,15.362,0.0505,0.0816,0.0,3.0,10.23,68.99
2026-08-23 18:35:11,14.887,0.0426,0.0643,0.0,1.0,11.99,66.76
2026-08-23 18:35:16,15.145,0.0413,0.0696,0.0,4.0,18.66,72.23
2026-08-23 18:35:21,17.73,0.0411,0.062,0.0,3.0,19.36,67.43
2026-08-23 18:35:26,19.194,0.0358,0.063,0.0,0.0,13.02,69.92
2026-08-23 18:35:31,18.968,0.0612,0.0948,0.0,3.0,19.95,67.05
2026-08-23 18:35:36,20.895,0.0418,0.0677,0.0,3.0,17.93,66.7
2026-08-23 18:35:41,18.046,0.0572,0.0812,0.0,0.0,14.2,71.8
2026-08-23 18:35:46,23.087,0.0602,0.0946,0.0,3.0,7.69,67.78
2026-08-23 18:35:51,17.074,0.055,0.0953,0.0,3.0,10.0,67.93
2026-08-23 18:35:56,27.521,0.0407,0.0701,0.0,3.0,13.03,68.57
2026-08-23 18:36:01,20.19,0.049,0.0731,0.0,3.0,17.28,73.2
2026-08-23 18:36:06,15.0,0.0448,0.0667,0.0,1.0,17.29,72.34
2026-08-23 18:36:11,14.252,0.036,0.0621,0.0,3.0,13.6,70.57
2026-08-23 18:36:16,19.689,0.0482,0.0855,0.0,2.0,14.31,73.71
2026-08-23 18:36:21,17.218,0.0332,0.0478,0.0,1.0,14.9,66.11
2026-08-23 18:36:26,20.499,0.0569,0.0899,0.0,3.0,14.34,69.31
2026-08-23 18:36:31,19.656,0.0404,0.0619,0.0,1.0,15.49,68.15
2026-08-23 18:36:36,17.745,0.047,0.0822,0.0,0.0,14.91,64.46
2026-08-23 18:36:41,15.036,0.0478,0.0686,0.0,2.0,9.98,68.93
2026-08-23 18:36:46,12.698,0.0424,0.063,0.0,1.0,14.38,67.02
2026-08-23 18:36:51,16.437,0.0509,0.0865,0.0,1.0,14.93,71.07
2026-08-23 18:36:56,20.997,0.0403,0.0572,0.0,2.0,17.97,67.21
2026-08-23 18:37:01,18.749,0.0537,0.0858,0.0,3.0,12.51,67.1
2026-08-23 18:37:06,13.64,0.0315,0.0497,0.0,1.0,15.61,71.07
2026-08-23 18:37:11,18.606,0.0463,0.071,0.0,2.0,16.69,67.87
2026-08-23 18:37:16,19.349,0.0644,0.1003,0.0,4.0,14.55,70.33
2026-08-23 18:37:21,14.906,0.035,0.0564,0.0,2.0,9.74,68.85
2026-08-23 18:37:26,18.538,0.0382,0.056,0.0,3.0,18.03,68.88
2026-08-23 18:37:31,18.204,0.0501,0.0817,0.0,5.0,17.24,67.51
2026-08-23 18:37:36,14.0,0.0468,0.0806,0.0,4.0,15.69,69.0
2026-08-23 18:37:41,19.252,0.0485,0.0827,0.0,0.0,15.12,67.74
2026-08-23 18:37:46,19.963,0.0499,0.0729,0.0,3.0,9.66,66.39
2026-08-23 18:37:51,21.791,0.0513,0.075,0.0,3.0,17.32,67.79
2026-08-23 18:37:56,21.688,0.0561,0.0846,0.0,4.0,19.46,70.58
2026-08-23 18:38:01,13.178,0.0491,0.0758,0.0,2.0,11.66,69.07
2026-08-23 18:38:06,14.718,0.0426,0.0666,0.0,1.0,19.04,69.54
2026-08-23 18:38:11,19.803,0.0517,0.0865,0.0,0.0,18.39,68.0
2026-08-23 18:38:16,19.798,0.064,0.091,0.0,3.0,11.57,64.12
2026-08-23 18:38:21,19.803,0.0437,0.0617,0.0,2.0,13.82,65.56
2026-08-23 18:38:26,31.485,0.0353,0.0549,0.0,3.0,10.81,67.42
2026-08-23 18:38:31,19.998,0.0561,0.0941,0.0,4.0,14.8,65.73
2026-08-23 18:38:36,21.974,0.0438,0.0647,0.0,1.0,16.34,66.95
2026-08-23 18:38:41,21.339,0.0233,0.0386,0.0,2.0,11.04,66.88
2026-08-23 18:38:46,20.28,0.0535,0.0804,0.0,1.0,16.16,66.94
2026-08-23 18:38:51,16.897,0.0396,0.0696,0.0,3.0,16.92,70.87
2026-08-23 18:38:56,20.656,0.0441,0.0775,0.0,3.0,16.96,67.89
2026-08-23 18:39:01,15.295,0.0483,0.0734,0.0,2.0,16.36,69.87
2026-08-23 18:39:06,17.171,0.0469,0.07,0.0,1.0,11.31,68.33
2026-08-23 18:39:11,16.301,0.0521,0.0815,0.0,4.0,14.64,70.83
2026-08-23 18:39:16,18.287,0.0406,0.0608,0.0,2.0,16.06,70.04
2026-08-23 18:39:21,26.101,0.0501,0.0837,0.0,0.0,19.38,66.82
2026-08-23 18:39:26,11.465,0.0424,0.0734,0.0,3.0,15.01,71.92
2026-08-23 18:39:31,20.402,0.0524,0.0874,0.0,5.0,16.28,67.09
2026-08-23 18:39:36,12.355,0.0512,0.0885,0.0,4.0,12.2,68.4
2026-08-23 18:39:41,16.348,0.0356,0.0556,0.0,5.0,11.54,68.75
2026-08-23 18:39:46,21.811,0.0559,0.0817,0.0,4.0,11.15,68.98
2026-08-23 18:39:51,18.225,0.0396,0.0672,0.0,1.0,13.74,69.59
2026-08-23 18:39:56,14.228,0.0531,0.082,0.0,2.0,21.19,66.49
2026-08-23 18:40:01,15.496,0.0487,0.0812,0.0,1.0,13.79,69.42
2026-08-23 18:40:06,20.379,0.0634,0.0956,0.0,2.0,16.09,69.16
2026-08-23 18:40:11,15.444,0.0428,0.0613,0.0,4.0,16.67,68.0
2026-08-23 18:40:16,18.758,0.0415,0.0746,0.0,1.0,11.73,67.62
2026-08-23 18:40:21,18.16,0.0448,0.0655,0.0,4.0,13.69,66.38
2026-08-23 18:40:26,15.719,0.042,0.0753,0.0,4.0,16.87,68.96
2026-08-23 18:40:31,25.504,0.053,0.0949,0.0,2.0,16.28,66.68
2026-08-23 18:40:36,20.219,0.0288,0.0495,0.0,3.0,9.02,68.48
2026-08-23 18:40:41,10.912,0.0345,0.0573,0.0,4.0,16.78,67.8
2026-08-23 18:40:46,18.653,0.0343,0.056,0.0,2.0,13.35,65.33
2026-08-23 18:40:51,15.684,0.0545,0.0952,0.0,1.0,13.43,66.13
2026-08-23 18:40:56,20.984,0.0621,0.0941,0.0,3.0,16.21,68.81
2026-08-23 18:41:01,15.226,0.044,0.0698,0.0,5.0,19.57,66.95
2026-08-23 18:41:06,17.598,0.0433,0.0714,0.0,2.0,14.4,66.88
2026-08-23 18:41:11,19.767,0.0457,0.0715,0.0,6.0,18.54,66.47
2026-08-23 18:41:16,21.03,0.0566,0.0889,0.0,3.0,10.68,66.54
2026-08-23 18:41:21,13.799,0.0357,0.0547,0.0,2.0,15.39,71.29
2026-08-23 18:41:26,16.829,0.0474,0.077,0.0,0.0,13.38,65.76
2026-08-23 18:41:31,16.338,0.0548,0.0953,0.0,2.0,15.85,70.95
2026-08-23 18:41:36,15.713,0.05,0.074,0.0,1.0,14.11,67.34
2026-08-23 18:41:41,24.179,0.0469,0.0832,0.0,2.0,10.98,66.69
2026-08-23 18:41:46,19.417,0.055,0.0922,0.0,2.0,12.34,68.77
2026-08-23 18:41:51,13.587,0.018,0.0311,0.0,1.0,10.07,68.11
2026-08-23 18:41:56,21.213,0.0518,0.084,0.0,6.0,11.08,67.61
2026-08-23 18:42:01,25.428,0.0385,0.0658,0.0,0.0,16.44,68.44
2026-08-23 18:42:06,21.614,0.0267,0.0375,0.0,4.0,14.25,68.07
2026-08-23 18:42:11,12.682,0.0501,0.0866,0.0,5.0,15.69,67.57
2026-08-23 18:42:16,16.305,0.0587,0.0832,0.0,6.0,20.45,69.87
2026-08-23 18:42:21,22.434,0.0436,0.0766,0.0,0.0,14.11,65.11
2026-08-23 18:42:26,15.523,0.0545,0.098,0.0,4.0,16.9,66.17
2026-08-23 18:42:31,19.553,0.0611,0.0928,0.0,3.0,15.08,66.42
2026-08-23 18:42:36,20.711,0.0581,0.0863,0.061,1.0,23.29,65.88
2026-08-23 18:42:41,14.756,0.0614,0.1048,0.0,5.0,5.95,68.17
2026-08-23 18:42:46,17.792,0.0524,0.0787,0.0,2.0,12.85,69.01
2026-08-23 18:42:51,6.656,0.0458,0.0799,0.0,4.0,16.96,64.07
2026-08-23 18:42:56,14.415,0.029,0.0418,0.0,0.0,12.74,67.05
2026-08-23 18:43:01,17.116,0.0425,0.0617,0.0,4.0,16.7,67.36
2026-08-23 18:43:06,13.633,0.0366,0.0655,0.0,2.0,14.82,67.43
2026-08-23 18:43:11,23.713,0.0667,0.1114,0.0,0.0,17.59,65.43
2026-08-23 18:43:16,12.995,0.0432,0.0752,0.0,5.0,11.6,67.37
2026-08-23 18:43:21,16.46,0.0462,0.0707,0.0,1.0,15.52,66.18
2026-08-23 18:43:26,18.458,0.0505,0.0844,0.0,3.0,16.4,67.33
2026-08-23 18:43:31,23.044,0.0454,0.0744,0.0,4.0,15.4,64.56
2026-08-23 18:43:36,12.974,0.062,0.1017,0.0,0.0,15.45,67.34
2026-08-23 18:43:41,22.071,0.0388,0.0649,0.0,1.0,18.61,66.56
2026-08-23 18:43:46,18.036,0.0469,0.0765,0.0,3.0,9.96,67.48
2026-08-23 18:43:51,14.565,0.0376,0.0591,0.0,0.0,15.37,68.6
2026-08-23 18:43:56,19.617,0.0318,0.048,0.0,2.0,11.37,67.91
2026-08-23 18:44:01,18.697,0.0389,0.0664,0.0,3.0,17.27,69.59
2026-08-23 18:44:06,15.899,0.0446,0.0665,0.0,3.0,12.49,67.28
2026-08-23 18:44:11,18.244,0.0407,0.0683,0.0,2.0,7.58,69.24
2026-08-23 18:44:16,16.651,0.0381,0.0569,0.0,2.0,17.34,70.25
2026-08-23 18:44:21,18.397,0.0309,0.051,0.0,4.0,14.19,68.55
2026-08-23 18:44:26,20.317,0.0442,0.075,0.0,4.0,16.07,67.96
2026-08-23 18:44:31,23.551,0.03,0.0446,0.0,1.0,19.28,68.83
2026-08-23 18:44:36,13.668,0.0526,0.0749,0.0,3.0,16.11,68.62
2026-08-23 18:44:41,25.466,0.0458,0.0666,0.0,2.0,15.51,70.0
2026-08-23 18:44:46,11.168,0.0304,0.05,0.0,4.0,14.86,69.59
2026-08-23 18:44:51,17.469,0.0419,0.0729,0.0,0.0,11.56,69.61
2026-08-23 18:44:56,20.059,0.0375,0.0531,0.0,1.0,14.35,68.09
2026-08-23 18:45:01,18.983,0.0482,0.0816,0.0,4.0,20.92,68.68
2026-08-23 18:45:06,15.821,0.0584,0.0897,0.0,2.0,13.87,68.65
2026-08-23 18:45:11,17.272,0.0262,0.0418,0.0,3.0,14.53,65.59
2026-08-23 18:45:16,16.274,0.0462,0.0818,0.0,2.0,18.77,70.14
2026-08-23 18:45:21,15.937,0.0434,0.0665,0.0,1.0,10.38,64.66
2026-08-23 18:45:26,20.974,0.0517,0.082,0.0,2.0,16.86,69.42
2026-08-23 18:45:31,19.25,0.0471,0.0662,0.0,1.0,10.23,68.53
2026-08-23 18:45:36,15.575,0.0375,0.0537,0.0,3.0,16.2,67.43
2026-08-23 18:45:41,21.149,0.0418,0.0629,0.0,1.0,14.93,68.78
2026-08-23 18:45:46,19.076,0.037,0.0523,0.0,1.0,16.84,68.84
2026-08-23 18:45:51,20.845,0.0558,0.0921,0.0,2.0,11.96,65.38
2026-08-23 18:45:56,20.204,0.0452,0.071,0.0,4.0,13.39,70.83
2026-08-23 18:46:01,15.099,3.0559,3.4758,0.0,35.0,43.73,68.14
2026-08-23 18:46:06,16.039,1.7343,3.1287,0.0,33.0,44.4,72.63
2026-08-23 18:46:11,20.616,1.9417,3.9158,0.0,29.0,52.71,69.58
2026-08-23 18:46:16,20.136,3.1419,2.7813,0.0,17.0,39.71,68.1
2026-08-23 18:46:21,17.927,3.1349,2.7165,0.0,26.0,43.35,66.62
2026-08-23 18:46:26,18.411,2.4434,2.6605,0.0,28.0,49.88,67.78
2026-08-23 18:46:31,22.472,2.5232,3.1143,0.0,31.0,42.24,68.3
2026-08-23 18:46:36,15.93,2.4764,3.5568,0.0,30.0,48.72,70.93
2026-08-23 18:46:41,19.915,3.0318,2.5579,0.0,33.0,37.88,70.45
2026-08-23 18:46:46,17.292,2.2385,4.4254,0.0,25.0,43.23,68.9
2026-08-23 18:46:51,17.238,2.9596,2.9126,0.0,32.0,46.43,71.54
2026-08-23 18:46:56,21.846,3.0257,4.3516,0.0,31.0,52.63,63.97
2026-08-23 18:47:01,20.889,2.5253,3.2113,0.0,22.0,40.13,68.93
2026-08-23 18:47:06,20.847,2.8191,3.6469,0.0,20.0,34.85,70.51
2026-08-23 18:47:11,22.569,2.413,4.2203,0.0,26.0,29.68,69.09
2026-08-23 18:47:16,18.074,2.6091,3.6931,0.0,20.0,46.91,65.33
2026-08-23 18:47:21,20.387,3.1644,4.4543,0.0,23.0,41.93,70.78
2026-08-23 18:47:26,16.914,1.5876,4.5128,0.0,17.0,35.0,69.52
2026-08-23 18:47:31,19.135,2.8953,3.2141,0.0,15.0,45.0,68.69
2026-08-23 18:47:36,17.544,2.6803,3.1399,0.0,31.0,46.2,68.18
2026-08-23 18:47:41,18.339,1.9444,4.2384,0.0,30.0,52.54,71.99
2026-08-23 18:47:46,20.083,3.1919,3.5596,0.0,24.0,41.72,68.89
2026-08-23 18:47:51,15.136,2.9181,3.5841,0.0,24.0,38.74,67.52
2026-08-23 18:47:56,25.323,1.9732,3.0591,0.0,19.0,35.9,66.38
2026-08-23 18:48:01,14.479,3.0179,3.4137,0.0,32.0,50.65,69.52
2026-08-23 18:48:06,13.75,2.1986,4.2076,0.0,21.0,43.6,69.97
2026-08-23 18:48:11,22.053,1.5862,2.8518,0.0,21.0,48.76,68.11
2026-08-23 18:48:16,20.771,2.171,3.8615,0.0,37.0,41.08,66.88
2026-08-23 18:48:21,20.184,2.5078,4.0953,0.0,28.0,54.61,70.66
2026-08-23 18:48:26,20.199,2.1263,4.3684,0.0,24.0,48.39,66.23
2026-08-23 18:48:31,17.957,2.8472,3.2947,0.0,25.0,38.72,71.94
2026-08-23 18:48:36,14.86,2.9422,3.3304,0.0,25.0,35.6,66.53
2026-08-23 18:48:41,18.265,2.0331,2.696,0.0,21.0,32.23,65.44
2026-08-23 18:48:46,15.63,1.8935,2.7531,0.0,37.0,38.01,65.7
2026-08-23 18:48:51,21.413,2.5111,4.4951,0.0,17.0,51.44,65.78
2026-08-23 18:48:56,17.485,2.146,3.6797,0.0,23.0,44.81,67.53
2026-08-23 18:49:01,15.111,3.0693,3.2814,0.0,29.0,40.2,67.06
2026-08-23 18:49:06,16.875,1.9599,4.5562,0.0,32.0,40.33,70.05
2026-08-23 18:49:11,19.445,1.7888,3.5331,0.0,23.0,46.46,69.76
2026-08-23 18:49:16,16.027,3.1514,3.1251,0.0,26.0,37.62,67.55
2026-08-23 18:49:21,15.122,2.7367,3.441,0.0,38.0,47.33,74.21
2026-08-23 18:49:26,18.853,2.5364,3.6829,0.0,22.0,48.11,67.53
2026-08-23 18:49:31,18.857,1.8258,3.8973,0.0,24.0,50.13,67.79
2026-08-23 18:49:36,16.226,2.869,4.025,0.0,35.0,39.66,65.45
2026-08-23 18:49:41,16.351,1.9375,3.243,0.0,19.0,56.18,67.84
2026-08-23 18:49:46,18.812,3.0374,4.4283,0.0,35.0,41.68,68.59
2026-08-23 18:49:51,12.932,1.9556,4.2578,0.0,33.0,36.47,65.63
2026-08-23 18:49:56,13.074,3.0767,3.0155,0.0,22.0,47.38,67.0
2026-08-23 18:50:01,15.485,2.4673,4.015,0.0,18.0,34.57,68.65
2026-08-23 18:50:06,17.253,2.6575,3.1501,0.0,32.0,40.64,66.95
2026-08-23 18:50:11,19.088,1.8882,3.5187,0.0,26.0,39.91,66.53
2026-08-23 18:50:16,23.164,1.8154,3.4425,0.0,18.0,46.5,69.56
2026-08-23 18:50:21,21.002,1.8602,4.3379,0.0,30.0,48.95,65.44
2026-08-23 18:50:26,17.44,1.731,4.1467,0.0,25.0,38.4,65.82
2026-08-23 18:50:31,17.933,2.4654,4.5216,0.0,34.0,42.61,68.35
2026-08-23 18:50:36,14.491,2.5,3.1617,0.0,22.0,30.56,69.69
2026-08-23 18:50:41,17.935,2.2279,2.7176,0.0,28.0,39.94,68.61
2026-08-23 18:50:46,16.99,1.8789,3.6532,0.0,37.0,42.29,67.55
2026-08-23 18:50:51,19.13,1.8223,2.6031,0.0,29.0,49.94,67.39
2026-08-23 18:50:56,15.105,2.3572,4.5438,0.0,27.0,46.18,70.02
2026-08-23 18:51:01,19.818,0.0437,0.0707,0.0,2.0,16.29,69.72
2026-08-23 18:51:06,23.365,0.0531,0.0824,0.0,4.0,17.98,68.1
2026-08-23 18:51:11,17.619,0.0529,0.087,0.0,2.0,14.31,67.44
2026-08-23 18:51:16,19.406,0.0275,0.0428,0.0,2.0,14.86,68.07
2026-08-23 18:51:21,20.416,0.058,0.0868,0.0,3.0,14.46,66.55
2026-08-23 18:51:26,16.596,0.0284,0.0408,0.0,2.0,15.1,67.7
2026-08-23 18:51:31,18.784,0.0553,0.0844,0.0,1.0,13.46,67.02
2026-08-23 18:51:36,18.044,0.0563,0.0809,0.0,2.0,13.45,67.8
2026-08-23 18:51:41,18.342,0.0341,0.0501,0.0,4.0,13.63,67.09
2026-08-23 18:51:46,15.294,0.0409,0.0734,0.0,1.0,15.47,69.05
2026-08-23 18:51:51,18.086,0.0339,0.0535,0.0,3.0,12.46,69.64
2026-08-23 18:51:56,19.743,0.0429,0.0691,0.0,3.0,13.65,67.24
2026-08-23 18:52:01,23.079,0.0419,0.0733,0.0,2.0,20.43,66.38
2026-08-23 18:52:06,21.357,0.0528,0.0949,0.0,3.0,17.69,69.42
2026-08-23 18:52:11,25.536,0.0581,0.0949,0.0,4.0,12.13,68.37
2026-08-23 18:52:16,15.314,0.059,0.1017,0.0,2.0,17.59,67.27
2026-08-23 18:52:21,21.053,0.0394,0.0603,0.0,1.0,16.88,70.75
2026-08-23 18:52:26,18.642,0.0429,0.0653,0.0,1.0,14.69,66.87
2026-08-23 18:52:31,25.664,0.0282,0.044,0.0,3.0,12.88,64.01
2026-08-23 18:52:36,15.171,0.0369,0.0617,0.0,7.0,12.54,66.58
2026-08-23 18:52:41,15.061,0.0546,0.0914,0.0,2.0,15.67,71.24
2026-08-23 18:52:46,15.902,0.0612,0.0933,0.0,3.0,12.46,67.36
2026-08-23 18:52:51,10.566,0.0327,0.0475,0.0,3.0,18.29,66.97
2026-08-23 18:52:56,16.16,0.0391,0.0646,0.0,5.0,19.14,68.05
2026-08-23 18:53:01,15.343,0.0447,0.0649,0.0,3.0,14.87,70.02
2026-08-23 18:53:06,18.526,0.0478,0.078,0.0,2.0,18.42,67.83
2026-08-23 18:53:11,19.196,0.0369,0.0619,0.0,1.0,13.77,69.18
2026-08-23 18:53:16,24.567,0.0492,0.0827,0.0,2.0,12.86,67.62
2026-08-23 18:53:21,21.326,0.0403,0.0685,0.0,3.0,18.3,69.2
2026-08-23 18:53:26,15.981,0.0449,0.0785,0.0,5.0,19.74,68.36
2026-08-23 18:53:31,14.856,0.0505,0.0807,0.0,3.0,20.89,67.2
2026-08-23 18:53:36,19.722,0.0451,0.0763,0.0,2.0,16.0,68.52
2026-08-23 18:53:41,13.379,0.0406,0.067,0.0,2.0,17.59,66.91
2026-08-23 18:53:46,24.41,0.0439,0.0647,0.0,3.0,15.93,65.24
2026-08-23 18:53:51,22.128,0.0441,0.0622,0.0,2.0,19.21,67.96
2026-08-23 18:53:56,16.358,0.0413,0.0625,0.0,4.0,16.3,65.42
2026-08-23 18:54:01,12.004,0.0424,0.0669,0.0,3.0,17.42,69.19
2026-08-23 18:54:06,22.739,0.061,0.1004,0.0,2.0,11.59,67.93
2026-08-23 18:54:11,17.599,0.0506,0.0881,0.0,1.0,14.31,70.85
2026-08-23 18:54:16,22.332,0.042,0.0622,0.0,2.0,17.44,67.34
2026-08-23 18:54:21,12.42,0.052,0.0754,0.0,4.0,17.17,67.96
2026-08-23 18:54:26,15.902,0.0417,0.0744,0.0,1.0,17.7,65.06
2026-08-23 18:54:31,18.018,0.0567,0.0819,0.0,1.0,15.36,65.79
2026-08-23 18:54:36,18.164,0.0487,0.0775,0.0,1.0,13.04,64.64
2026-08-23 18:54:41,16.425,0.0439,0.0718,0.0,1.0,14.82,70.15
2026-08-23 18:54:46,20.18,0.0495,0.08,0.0,2.0,15.14,67.08
2026-08-23 18:54:51,14.263,0.0293,0.042,0.0,3.0,15.73,70.65
2026-08-23 18:54:56,17.502,0.0337,0.048,0.0,3.0,12.1,62.64
2026-08-23 18:55:01,18.421,0.0331,0.0477,0.0,2.0,14.2,71.1
2026-08-23 18:55:06,19.801,0.0464,0.0759,0.0,2.0,14.73,67.86
2026-08-23 18:55:11,20.491,0.0623,0.1008,0.0,1.0,8.27,68.68
2026-08-23 18:55:16,14.064,0.0673,0.1005,0.0,3.0,17.5,65.87
2026-08-23 18:55:21,12.631,0.0514,0.085,0.0,1.0,15.49,69.05
2026-08-23 18:55:26,22.472,0.05,0.0864,0.0,1.0,15.8,67.25
2026-08-23 18:55:31,19.163,0.027,0.0382,0.0,2.0,13.45,65.61
2026-08-23 18:55:36,15.38,0.0396,0.0633,0.0,3.0,16.76,65.58
2026-08-23 18:55:41,23.429,0.0371,0.0622,0.0,2.0,12.5,65.55
2026-08-23 18:55:46,18.405,0.0388,0.0582,0.0,2.0,12.98,68.76
2026-08-23 18:55:51,22.128,0.0433,0.066,0.0,3.0,16.88,66.73
2026-08-23 18:55:56,18.236,0.0403,0.0663,0.0,1.0,16.07,64.72
2026-08-23 18:56:01,25.213,0.0252,0.0443,0.0,2.0,11.17,68.74
2026-08-23 18:56:06,24.144,0.0525,0.0905,0.0,2.0,19.73,63.65
2026-08-23 18:56:11,17.129,0.0343,0.056,0.0,4.0,12.72,70.66
2026-08-23 18:56:16,21.4,0.0474,0.0802,0.0,2.0,14.6,71.97
2026-08-23 18:56:21,20.259,0.0657,0.1016,0.0,3.0,20.24,65.38
2026-08-23 18:56:26,22.79,0.0358,0.0593,0.0,5.0,8.82,70.1
2026-08-23 18:56:31,14.623,0.0197,0.0312,0.0,3.0,9.88,68.7
2026-08-23 18:56:36,20.401,0.0421,0.0622,0.0,3.0,16.33,67.0
2026-08-23 18:56:41,21.704,0.056,0.0941,0.0,2.0,7.56,67.09
2026-08-23 18:56:46,11.844,0.0646,0.1048,0.0,1.0,8.87,69.31
2026-08-23 18:56:51,13.859,0.0327,0.0505,0.0,4.0,18.53,67.92
2026-08-23 18:56:56,10.863,0.05,0.0882,0.0,1.0,13.77,62.81
2026-08-23 18:57:01,17.057,0.0403,0.0568,0.0,4.0,21.59,72.15
2026-08-23 18:57:06,20.511,0.0439,0.0671,0.0,1.0,11.9,68.87
2026-08-23 18:57:11,23.258,0.0714,0.1016,0.0,4.0,14.04,67.9
2026-08-23 18:57:16,18.259,0.03,0.0511,0.0,2.0,16.62,66.56
2026-08-23 18:57:21,23.7,0.0475,0.0799,0.0,0.0,16.41,67.62
2026-08-23 18:57:26,13.17,0.0497,0.0761,0.0,3.0,14.24,70.54
2026-08-23 18:57:31,12.038,0.0559,0.0933,0.0,3.0,13.05,68.52
2026-08-23 18:57:36,17.806,0.046,0.0717,0.0,1.0,15.69,68.75
2026-08-23 18:57:41,19.344,0.0481,0.0819,0.0,4.0,19.13,65.5
2026-08-23 18:57:46,17.886,0.0411,0.065,0.0,0.0,17.29,67.3
2026-08-23 18:57:51,10.764,0.0477,0.0746,0.0,1.0,13.1,68.1
2026-08-23 18:57:56,17.688,0.0416,0.0737,0.0,2.0,12.02,69.39
2026-08-23 18:58:01,13.434,0.0512,0.0768,0.0,2.0,12.92,67.17
2026-08-23 18:58:06,20.344,0.0413,0.0598,0.0,2.0,11.18,69.86
2026-08-23 18:58:11,19.283,0.0488,0.0797,0.0,4.0,15.44,65.71
2026-08-23 18:58:16,14.71,0.0447,0.0799,0.0,2.0,17.44,68.14
2026-08-23 18:58:21,16.201,0.0563,0.0873,0.0,0.0,14.79,67.8
2026-08-23 18:58:26,14.293,0.0445,0.0634,0.0,3.0,20.16,64.97
2026-08-23 18:58:31,17.781,0.0273,0.0419,0.0,4.0,20.33,67.9
2026-08-23 18:58:36,21.343,0.0576,0.0923,0.0,4.0,15.92,66.83
2026-08-23 18:58:41,14.55,0.0359,0.0526,0.0,3.0,17.11,70.83
2026-08-23 18:58:46,19.764,0.0385,0.064,0.0,4.0,12.3,67.18
2026-08-23 18:58:51,16.144,0.039,0.0702,0.0,3.0,13.92,68.7
2026-08-23 18:58:56,15.225,0.0587,0.0929,0.0,3.0,18.82,65.54
2026-08-23 18:59:01,17.625,0.0236,0.0365,0.0,2.0,13.26,68.47
2026-08-23 18:59:06,14.377,0.0764,0.1192,0.0,2.0,19.46,67.17
2026-08-23 18:59:11,16.062,0.0556,0.0803,0.0,2.0,18.34,66.45
2026-08-23 18:59:16,13.807,0.0472,0.0828,0.0,4.0,17.25,73.67
2026-08-23 18:59:21,24.877,0.0445,0.0696,0.0,1.0,11.48,67.29
2026-08-23 18:59:26,18.123,0.0479,0.0744,0.0,3.0,14.06,67.58
2026-08-23 18:59:31,15.551,0.0502,0.0835,0.0,1.0,16.93,69.8
2026-08-23 18:59:36,18.749,0.0515,0.0811,0.0,3.0,12.04,66.46
2026-08-23 18:59:41,17.607,0.0506,0.0839,0.0,3.0,14.43,68.81
2026-08-23 18:59:46,17.227,0.0459,0.0654,0.0,3.0,17.26,69.02
2026-08-23 18:59:51,20.15,0.043,0.0742,0.0,1.0,13.3,68.49
2026-08-23 18:59:56,20.651,0.0435,0.0772,0.0,8.0,12.46,72.59
2026-08-23 19:00:01,16.143,0.0431,0.0714,0.0,4.0,9.6,66.39
2026-08-23 19:00:06,15.985,0.0563,0.1004,0.0,0.0,13.84,71.08
2026-08-23 19:00:11,17.037,0.0509,0.0744,0.0,2.0,17.32,68.94
2026-08-23 19:00:16,9.943,0.0156,0.0248,0.0,3.0,12.38,69.82
2026-08-23 19:00:21,12.697,0.0516,0.0846,0.0,1.0,15.05,68.68
2026-08-23 19:00:26,22.784,0.0469,0.0767,0.0,3.0,14.33,71.76
2026-08-23 19:00:31,23.757,0.0448,0.0699,0.0,2.0,13.0,67.36
2026-08-23 19:00:36,17.128,0.0411,0.0631,0.0,0.0,17.51,68.99
2026-08-23 19:00:41,20.018,0.0562,0.0816,0.0,1.0,19.93,70.61
2026-08-23 19:00:46,19.089,0.0545,0.0848,0.0,2.0,18.01,66.88
2026-08-23 19:00:51,28.776,0.0373,0.0546,0.0,1.0,12.91,70.0
2026-08-23 19:00:56,21.919,0.0491,0.0831,0.0,1.0,20.98,67.96
2026-08-23 19:01:01,17.552,0.0353,0.0523,0.0,4.0,18.0,65.53
2026-08-23 19:01:06,14.656,0.0312,0.0444,0.0,2.0,13.63,65.1
2026-08-23 19:01:11,12.377,0.0387,0.0628,0.0,2.0,12.67,67.82
2026-08-23 19:01:16,18.712,0.0536,0.0878,0.0,2.0,18.36,69.98
2026-08-23 19:01:21,15.353,0.0545,0.0954,0.0,2.0,15.52,63.84
2026-08-23 19:01:26,13.022,0.0501,0.0818,0.0,1.0,12.45,68.4
2026-08-23 19:01:31,15.737,0.0523,0.0804,0.073,3.0,14.56,69.78
2026-08-23 19:01:36,14.215,0.0502,0.0863,0.0,3.0,13.78,65.44
2026-08-23 19:01:41,23.905,0.0386,0.0624,0.0,5.0,12.53,66.73
2026-08-23 19:01:46,21.086,0.0493,0.0706,0.0,2.0,18.04,69.14
2026-08-23 19:01:51,17.972,0.053,0.0862,0.0,0.0,17.35,69.7
2026-08-23 19:01:56,23.18,0.0525,0.0926,0.0,1.0,17.52,71.21
2026-08-23 19:02:01,18.271,0.0569,0.0887,0.0,1.0,17.47,66.83
2026-08-23 19:02:06,14.986,0.0521,0.0791,0.0,2.0,12.25,66.37
2026-08-23 19:02:11,23.331,0.0485,0.0707,0.0,3.0,13.19,71.31
2026-08-23 19:02:16,19.886,0.0557,0.0814,0.0,5.0,19.38,66.49
2026-08-23 19:02:21,14.37,0.0447,0.0704,0.0,2.0,15.32,69.01
2026-08-23 19:02:26,17.334,0.0362,0.0593,0.0,2.0,10.59,72.37
2026-08-23 19:02:31,14.935,0.0434,0.0621,0.0,5.0,15.65,69.51
2026-08-23 19:02:36,13.16,0.0376,0.0667,0.0,2.0,16.96,69.57
2026-08-23 19:02:41,21.242,0.0382,0.0651,0.0,2.0,16.57,70.56
2026-08-23 19:02:46,24.683,0.0436,0.0712,0.0,1.0,12.19,69.05
2026-08-23 19:02:51,13.105,0.0371,0.0642,0.0,3.0,20.66,69.58
2026-08-23 19:02:56,19.97,0.0419,0.06,0.0,4.0,10.5,67.31
2026-08-23 19:03:01,15.723,0.0261,0.0415,0.0,5.0,15.33,70.32
2026-08-23 19:03:06,16.295,0.0471,0.0779,0.0,1.0,20.21,68.83
2026-08-23 19:03:11,15.927,0.045,0.0779,0.0,1.0,16.77,65.04
2026-08-23 19:03:16,14.976,0.0368,0.0631,0.0,5.0,17.51,68.49
2026-08-23 19:03:21,18.17,0.0516,0.0779,0.0,3.0,11.84,63.66
2026-08-23 19:03:26,15.092,0.0544,0.0966,0.0,2.0,16.04,69.43
2026-08-23 19:03:31,18.947,0.0289,0.0419,0.0,5.0,14.89,67.53
2026-08-23 19:03:36,17.824,0.0374,0.0654,0.0,3.0,11.61,71.81
2026-08-23 19:03:41,17.164,0.0373,0.0667,0.0,2.0,17.6,68.98
2026-08-23 19:03:46,14.824,0.0356,0.0524,0.0,3.0,12.54,69.85
2026-08-23 19:03:51,15.981,0.0533,0.09,0.0,0.0,12.9,65.9
2026-08-23 19:03:56,20.644,0.0431,0.061,0.0,3.0,16.3,69.37
2026-08-23 19:04:01,19.753,0.0424,0.0662,0.0,7.0,14.57,66.72
2026-08-23 19:04:06,14.579,0.025,0.0401,0.0,2.0,15.51,70.18
2026-08-23 19:04:11,18.348,0.0514,0.0838,0.0,1.0,14.39,65.76
2026-08-23 19:04:16,20.63,0.0326,0.0579,0.0,1.0,19.24,68.22
2026-08-23 19:04:21,12.157,0.0456,0.0761,0.0,2.0,12.22,65.68
2026-08-23 19:04:26,19.902,0.0478,0.0761,0.0,0.0,13.61,68.25
2026-08-23 19:04:31,15.681,0.0586,0.101,0.0,3.0,16.44,72.04
2026-08-23 19:04:36,19.997,0.0319,0.0568,0.0,4.0,12.04,69.44
2026-08-23 19:04:41,15.329,0.0148,0.0209,0.0,2.0,11.9,67.93
2026-08-23 19:04:46,11.683,0.0468,0.084,0.0,4.0,15.41,63.08
2026-08-23 19:04:51,12.304,0.063,0.0904,0.0,3.0,17.6,66.93
2026-08-23 19:04:56,18.168,0.0574,0.099,0.0,3.0,17.99,68.95
2026-08-23 19:05:01,18.909,0.0471,0.0712,0.056,2.0,15.28,66.98
2026-08-23 19:05:06,14.835,0.0401,0.0582,0.0,5.0,12.98,70.85
2026-08-23 19:05:11,20.235,0.0531,0.0836,0.0,3.0,15.83,68.14
2026-08-23 19:05:16,12.185,0.0353,0.0585,0.0,0.0,16.7,70.16
2026-08-23 19:05:21,17.769,0.0498,0.0773,0.0,2.0,15.79,68.41
2026-08-23 19:05:26,13.761,0.0501,0.0712,0.0,2.0,18.7,67.45
2026-08-23 19:05:31,15.719,0.0556,0.0912,0.0,3.0,11.96,67.06
2026-08-23 19:05:36,18.166,0.0726,0.1278,0.0,3.0,12.91,65.98
2026-08-23 19:05:41,14.989,0.0489,0.076,0.0,3.0,18.29,70.19
2026-08-23 19:05:46,16.654,0.0399,0.0593,0.0,4.0,10.58,67.14
2026-08-23 19:05:51,21.522,0.0447,0.0706,0.0,1.0,13.38,69.04
2026-08-23 19:05:56,15.981,0.0273,0.0388,0.0,3.0,12.81,66.95
2026-08-23 19:06:01,20.925,0.0381,0.0658,0.0,2.0,10.31,65.83
2026-08-23 19:06:06,14.046,0.0409,0.0708,0.0,2.0,14.44,69.11
2026-08-23 19:06:11,19.854,0.0398,0.065,0.0,3.0,17.24,66.51
2026-08-23 19:06:16,23.045,0.0465,0.0717,0.0,2.0,15.47,67.2
2026-08-23 19:06:21,9.349,0.0368,0.0633,0.0,1.0,17.4,65.5
2026-08-23 19:06:26,15.211,0.0562,0.0912,0.0,4.0,18.58,67.01
2026-08-23 19:06:31,20.02,0.045,0.0779,0.0,3.0,13.84,68.05
2026-08-23 19:06:36,17.289,0.0449,0.0742,0.0,2.0,22.94,67.43
2026-08-23 19:06:41,19.299,0.0417,0.0715,0.0,1.0,13.96,69.64
2026-08-23 19:06:46,15.886,0.0466,0.0763,0.0,2.0,14.36,68.29
2026-08-23 19:06:51,18.303,0.0533,0.0834,0.0,0.0,12.88,74.17
2026-08-23 19:06:56,17.455,0.0363,0.0648,0.0,3.0,16.64,68.85
2026-08-23 19:07:01,22.087,0.0384,0.0621,0.0,2.0,14.13,64.53
2026-08-23 19:07:06,18.89,0.042,0.0689,0.0,1.0,14.76,67.57
2026-08-23 19:07:11,19.182,0.0315,0.0469,0.0,2.0,14.38,67.75
2026-08-23 19:07:16,16.558,0.0368,0.0607,0.0,0.0,14.32,66.77
2026-08-23 19:07:21,16.293,0.0402,0.0655,0.0,5.0,15.47,68.15
2026-08-23 19:07:26,16.486,0.0537,0.0792,0.0,3.0,13.65,66.71
2026-08-23 19:07:31,19.381,0.0476,0.0678,0.0,3.0,13.79,68.67
2026-08-23 19:07:36,16.527,0.0469,0.0771,0.0,0.0,18.22,64.18
2026-08-23 19:07:41,19.014,0.0535,0.0913,0.0,4.0,14.12,70.29
2026-08-23 19:07:46,25.264,0.0436,0.0702,0.0,6.0,16.15,64.84
2026-08-23 19:07:51,21.049,0.0489,0.0729,0.0,2.0,12.33,67.47
2026-08-23 19:07:56,16.859,0.044,0.0733,0.0,3.0,13.67,66.53
2026-08-23 19:08:01,22.204,0.0477,0.0682,0.0,2.0,11.3,68.61
2026-08-23 19:08:06,16.572,0.0392,0.0618,0.0,3.0,20.56,67.63
2026-08-23 19:08:11,10.867,0.0206,0.0302,0.0,2.0,19.13,68.5
2026-08-23 19:08:16,14.472,0.0437,0.0643,0.0,1.0,16.79,70.22
2026-08-23 19:08:21,11.452,0.0592,0.0877,0.0,3.0,21.45,69.54
2026-08-23 19:08:26,16.77,0.0543,0.0844,0.0,2.0,17.31,68.07
2026-08-23 19:08:31,18.064,0.0547,0.0776,0.0,1.0,14.48,68.92
2026-08-23 19:08:36,23.868,0.0574,0.0894,0.0,1.0,16.12,71.92
2026-08-23 19:08:41,19.144,0.0459,0.0736,0.0,1.0,19.08,69.61
2026-08-23 19:08:46,17.233,0.047,0.0748,0.0,3.0,12.36,67.41
2026-08-23 19:08:51,20.903,0.0388,0.0603,0.0,1.0,11.48,70.56
2026-08-23 19:08:56,10.261,0.0418,0.0726,0.0,1.0,16.22,68.78
2026-08-23 19:09:01,18.825,0.0512,0.0746,0.0,3.0,13.24,66.07
2026-08-23 19:09:06,20.698,0.057,0.0914,0.0,2.0,8.22,67.64
2026-08-23 19:09:11,12.825,0.0436,0.0621,0.0,1.0,11.27,65.06
2026-08-23 19:09:16,22.003,0.0405,0.0579,0.0,1.0,14.07,63.43
2026-08-23 19:09:21,19.185,0.045,0.0733,0.0,3.0,15.14,66.1
2026-08-23 19:09:26,16.546,0.051,0.083,0.054,3.0,15.23,68.25
2026-08-23 19:09:31,20.215,0.0306,0.0535,0.0,2.0,21.02,68.25
2026-08-23 19:09:36,25.947,0.022,0.0358,0.0,4.0,14.38,65.18
2026-08-23 19:09:41,18.637,0.0395,0.0705,0.0,1.0,15.83,63.24
2026-08-23 19:09:46,18.869,0.0328,0.0465,0.0,1.0,10.12,70.94
2026-08-23 19:09:51,16.392,0.0399,0.0575,0.0,2.0,14.91,68.19
2026-08-23 19:09:56,15.026,0.0435,0.0617,0.0,1.0,16.0,71.11
2026-08-23 19:10:01,20.906,0.0405,0.0597,0.0,1.0,10.87,71.0
2026-08-23 19:10:06,15.004,0.0595,0.0962,0.0,3.0,12.2,69.47
2026-08-23 19:10:11,18.25,0.0483,0.08,0.0,5.0,16.47,68.12
2026-08-23 19:10:16,16.328,0.048,0.0681,0.0,1.0,13.36,67.2
2026-08-23 19:10:21,19.676,0.0512,0.0911,0.0,3.0,14.69,69.44
2026-08-23 19:10:26,19.168,0.0336,0.0584,0.0,4.0,16.62,67.68
2026-08-23 19:10:31,21.631,0.0554,0.0841,0.0,2.0,21.11,66.82
2026-08-23 19:10:36,16.215,0.0442,0.0633,0.0,0.0,14.33,63.8
2026-08-23 19:10:41,17.055,0.0517,0.0759,0.0,3.0,20.31,67.83
2026-08-23 19:10:46,14.574,0.0343,0.0497,0.0,2.0,9.12,70.19
2026-08-23 19:10:51,16.445,0.0295,0.0427,0.0,4.0,15.45,70.52
2026-08-23 19:10:56,19.321,0.0532,0.0855,0.0,3.0,14.0,68.11
2026-08-23 19:11:01,20.649,0.0488,0.0731,0.0,4.0,13.4,66.22
2026-08-23 19:11:06,14.772,0.036,0.0555,0.0,4.0,16.97,69.81
2026-08-23 19:11:11,21.044,0.0363,0.0652,0.0,2.0,14.36,67.97
2026-08-23 19:11:16,22.745,0.0563,0.0942,0.0,2.0,8.93,67.27
2026-08-23 19:11:21,19.447,0.0331,0.0589,0.0,1.0,10.23,65.09
2026-08-23 19:11:26,24.569,0.0614,0.0895,0.0,5.0,17.17,72.21
2026-08-23 19:11:31,15.292,0.036,0.0559,0.0,0.0,10.09,69.48
2026-08-23 19:11:36,13.644,0.0514,0.0833,0.0,4.0,17.25,69.69
2026-08-23 19:11:41,11.774,0.0417,0.0597,0.0,3.0,15.37,66.27
2026-08-23 19:11:46,23.236,0.051,0.0715,0.0,2.0,14.49,68.16
2026-08-23 19:11:51,20.29,0.0396,0.066,0.0,2.0,14.76,67.84
2026-08-23 19:11:56,17.805,0.0434,0.0719,0.0,2.0,16.54,69.56
2026-08-23 19:12:01,18.98,0.0454,0.071,0.0,5.0,11.47,70.72
2026-08-23 19:12:06,14.061,0.035,0.0558,0.0,1.0,15.13,65.13
2026-08-23 19:12:11,26.56,0.0524,0.0821,0.0,3.0,11.58,65.85
2026-08-23 19:12:16,18.452,0.0399,0.0562,0.0,1.0,15.49,69.29
2026-08-23 19:12:21,18.383,0.0427,0.0655,0.0,1.0,16.94,66.98
2026-08-23 19:12:26,20.54,0.0351,0.0516,0.0,6.0,15.5,69.63
2026-08-23 19:12:31,19.684,0.0194,0.0279,0.0,7.0,16.83,67.25
2026-08-23 19:12:36,18.784,0.0431,0.0768,0.0,1.0,12.9,65.5
2026-08-23 19:12:41,15.233,0.0691,0.1133,0.0,4.0,14.81,64.48
2026-08-23 19:12:46,19.65,0.0528,0.0894,0.0,0.0,14.29,68.97
2026-08-23 19:12:51,24.587,0.0448,0.0684,0.0,2.0,14.09,69.02
2026-08-23 19:12:56,22.709,0.0424,0.066,0.0,2.0,12.6,69.94
2026-08-23 19:13:01,23.576,0.0452,0.0676,0.0,2.0,13.7,68.66
2026-08-23 19:13:06,16.211,0.0505,0.0726,0.0,1.0,11.66,60.49
2026-08-23 19:13:11,14.536,0.0332,0.0488,0.0,3.0,9.92,69.01
2026-08-23 19:13:16,17.56,0.0561,0.0965,0.0,3.0,12.9,65.09
2026-08-23 19:13:21,18.195,0.0522,0.0871,0.0,4.0,16.88,64.26
2026-08-23 19:13:26,21.83,0.0522,0.0845,0.0,4.0,15.7,64.02
2026-08-23 19:13:31,12.076,0.0494,0.0785,0.0,1.0,11.23,63.84
2026-08-23 19:13:36,23.353,0.0452,0.08,0.0,2.0,13.78,68.56
2026-08-23 19:13:41,17.447,0.0517,0.0739,0.0,4.0,17.08,66.54
2026-08-23 19:13:46,16.506,0.0509,0.077,0.0,2.0,13.65,64.96
2026-08-23 19:13:51,14.458,0.0415,0.0638,0.0,5.0,10.75,68.05
2026-08-23 19:13:56,12.208,0.0393,0.0673,0.0,1.0,21.77,65.79
2026-08-23 19:14:01,20.881,0.046,0.0827,0.0,1.0,14.5,69.96
2026-08-23 19:14:06,18.257,0.0605,0.0905,0.0,2.0,11.51,70.9
2026-08-23 19:14:11,13.485,0.0326,0.0571,0.0,4.0,15.51,67.56
2026-08-23 19:14:16,13.467,0.0303,0.0525,0.0,2.0,14.74,70.75
2026-08-23 19:14:21,16.825,0.0466,0.0695,0.0,5.0,10.38,70.75
2026-08-23 19:14:26,23.842,0.0455,0.071,0.0,1.0,15.28,68.17
2026-08-23 19:14:31,17.091,0.0467,0.0731,0.0,2.0,17.95,71.47
2026-08-23 19:14:36,12.739,0.0474,0.085,0.0,2.0,14.3,66.76
2026-08-23 19:14:41,17.14,0.0428,0.063,0.0,6.0,8.82,64.09
2026-08-23 19:14:46,17.045,0.0599,0.103,0.0,3.0,16.03,64.89
2026-08-23 19:14:51,8.561,0.029,0.0445,0.0,2.0,16.81,66.66
2026-08-23 19:14:56,17.81,0.0367,0.0621,0.0,0.0,13.24,69.07
2026-08-23 19:15:01,17.192,0.044,0.0689,0.0,1.0,13.26,65.69
2026-08-23 19:15:06,20.437,0.0286,0.0466,0.0,2.0,21.77,66.65
2026-08-23 19:15:11,24.471,0.0432,0.0749,0.0,3.0,13.03,65.5
2026-08-23 19:15:16,21.943,0.0616,0.1061,0.0,2.0,11.63,66.69
2026-08-23 19:15:21,17.059,0.0452,0.079,0.0,1.0,15.08,70.69
2026-08-23 19:15:26,14.127,0.0473,0.0674,0.0,4.0,16.72,68.72
2026-08-23 19:15:31,27.007,0.0324,0.0543,0.0,3.0,16.6,66.85
2026-08-23 19:15:36,18.207,0.0388,0.0565,0.0,3.0,7.6,70.44
2026-08-23 19:15:41,18.049,0.0412,0.0646,0.0,2.0,13.02,68.05
2026-08-23 19:15:46,17.916,0.0418,0.0677,0.0,1.0,18.46,68.27
2026-08-23 19:15:51,18.693,0.0578,0.0903,0.0,5.0,15.98,70.29
2026-08-23 19:15:56,17.495,0.0506,0.0813,0.0,0.0,11.29,67.31
2026-08-23 19:16:01,15.992,0.0339,0.0609,0.0,4.0,18.73,69.83
2026-08-23 19:16:06,16.086,0.0475,0.069,0.0,1.0,17.89,69.69
2026-08-23 19:16:11,17.885,0.05,0.0835,0.0,5.0,14.11,67.71
2026-08-23 19:16:16,16.098,0.0564,0.0879,0.0,2.0,17.64,65.21
2026-08-23 19:16:21,15.505,0.0608,0.0884,0.0,3.0,21.0,68.03
2026-08-23 19:16:26,18.373,0.0348,0.051,0.0,5.0,11.84,70.27
2026-08-23 19:16:31,17.108,0.0369,0.0657,0.0,1.0,16.67,69.64
2026-08-23 19:16:36,23.264,0.0324,0.0568,0.0,3.0,20.96,71.42
2026-08-23 19:16:41,8.722,0.0427,0.0752,0.0,1.0,16.96,67.02
2026-08-23 19:16:46,21.82,0.0497,0.0892,0.0,3.0,12.74,69.56
2026-08-23 19:16:51,22.361,0.0549,0.0814,0.0,0.0,15.72,65.99
2026-08-23 19:16:56,10.743,0.0442,0.0682,0.0,4.0,19.11,68.4
2026-08-23 19:17:01,16.801,0.0418,0.0697,0.0,1.0,11.95,70.21
2026-08-23 19:17:06,16.7,0.0465,0.0741,0.0,3.0,14.91,69.81
2026-08-23 19:17:11,13.074,0.0366,0.0574,0.0,2.0,14.27,68.21
2026-08-23 19:17:16,15.278,0.0659,0.1017,0.0,2.0,13.11,67.46
2026-08-23 19:17:21,14.113,0.0289,0.0474,0.0,5.0,15.72,66.01
2026-08-23 19:17:26,24.133,0.0468,0.0764,0.0,7.0,14.7,67.55
2026-08-23 19:17:31,21.275,0.0652,0.0955,0.0,5.0,16.93,65.38
2026-08-23 19:17:36,22.45,0.0451,0.0716,0.0,4.0,18.42,67.31
2026-08-23 19:17:41,20.526,0.0431,0.0699,0.0,4.0,11.18,64.39
2026-08-23 19:17:46,14.048,0.0414,0.0674,0.0,2.0,15.2,65.36
2026-08-23 19:17:51,16.164,0.0432,0.0641,0.0,4.0,14.84,69.71
2026-08-23 19:17:56,19.713,0.0587,0.0997,0.0,3.0,15.61,69.48
2026-08-23 19:18:01,13.723,0.0229,0.0323,0.0,1.0,14.95,67.42
2026-08-23 19:18:06,20.495,0.0603,0.093,0.0,2.0,12.06,68.13
2026-08-23 19:18:11,17.159,0.0308,0.0527,0.0,6.0,19.36,68.4
2026-08-23 19:18:16,16.688,0.0423,0.0688,0.0,4.0,20.64,68.92
2026-08-23 19:18:21,20.488,0.0407,0.0612,0.0,1.0,16.64,68.71
2026-08-23 19:18:26,19.555,0.0509,0.0854,0.0,2.0,16.79,65.33
2026-08-23 19:18:31,16.737,0.029,0.0472,0.0,0.0,15.39,63.11
2026-08-23 19:18:36,22.058,0.0496,0.0853,0.0,1.0,17.91,65.97
2026-08-23 19:18:41,14.216,0.0652,0.1105,0.0,3.0,7.67,67.69
2026-08-23 19:18:46,20.156,0.0314,0.0516,0.0,2.0,14.99,69.92
2026-08-23 19:18:51,20.076,0.0469,0.0748,0.0,4.0,13.28,68.47
2026-08-23 19:18:56,16.917,0.0384,0.0558,0.0,3.0,15.44,69.07
2026-08-23 19:19:01,19.141,0.0493,0.0741,0.0,3.0,18.28,66.21
2026-08-23 19:19:06,13.621,0.0452,0.0708,0.0,6.0,15.06,67.86
2026-08-23 19:19:11,21.234,0.0386,0.0633,0.0,2.0,13.92,68.13
2026-08-23 19:19:16,17.353,0.0499,0.0801,0.0,6.0,10.79,66.49
2026-08-23 19:19:21,44.186,0.063,0.0955,24.005,1.0,14.67,65.86
2026-08-23 19:19:26,66.383,0.0431,0.0604,21.528,4.0,17.02,67.55
2026-08-23 19:19:31,56.81,0.0522,0.0834,32.456,1.0,12.48,69.32
2026-08-23 19:19:36,62.676,0.0321,0.0486,40.804,4.0,8.99,66.19
2026-08-23 19:19:41,37.979,0.0354,0.06,22.485,4.0,21.82,67.58
2026-08-23 19:19:46,41.173,0.0497,0.0701,28.86,4.0,16.01,70.71
2026-08-23 19:19:51,60.031,0.0598,0.0978,38.752,1.0,14.34,66.96
2026-08-23 19:19:56,52.182,0.0486,0.0863,35.581,4.0,19.17,68.01
2026-08-23 19:20:01,42.178,0.0419,0.0615,18.695,4.0,15.42,67.79
2026-08-23 19:20:06,54.372,0.045,0.0715,40.0,1.0,19.0,67.62
2026-08-23 19:20:11,46.967,0.0325,0.0467,16.028,2.0,18.74,71.34
2026-08-23 19:20:16,57.962,0.051,0.0842,44.698,2.0,11.18,68.61
2026-08-23 19:20:21,59.339,0.0538,0.0872,42.026,2.0,16.38,64.86
2026-08-23 19:20:26,43.858,0.0405,0.0633,31.191,4.0,20.18,71.06
2026-08-23 19:20:31,55.38,0.0403,0.0648,25.459,0.0,12.0,68.55
2026-08-23 19:20:36,49.922,0.0477,0.0838,41.119,2.0,12.04,67.25
2026-08-23 19:20:41,55.165,0.0406,0.0601,18.637,2.0,12.55,70.7
2026-08-23 19:20:46,56.837,0.0443,0.0625,20.295,3.0,17.67,66.44
2026-08-23 19:20:51,43.656,0.066,0.1151,22.906,2.0,15.85,71.43
2026-08-23 19:20:56,55.596,0.0425,0.0694,26.975,0.0,9.19,68.19
2026-08-23 19:21:01,46.419,0.0414,0.0727,31.36,3.0,16.02,70.01
2026-08-23 19:21:06,35.311,0.0385,0.0631,41.734,5.0,14.24,74.14
2026-08-23 19:21:11,51.363,0.0524,0.0904,16.184,4.0,14.66,68.36
2026-08-23 19:21:16,55.748,0.0432,0.0679,18.702,4.0,12.49,67.81
2026-08-23 19:21:21,59.555,0.0385,0.0655,43.553,3.0,16.04,65.87
2026-08-23 19:21:26,54.6,0.0582,0.1028,33.524,2.0,18.15,67.76
2026-08-23 19:21:31,51.044,0.0592,0.0964,20.386,2.0,13.07,65.93
2026-08-23 19:21:36,67.809,0.039,0.0574,25.276,2.0,9.95,67.63
2026-08-23 19:21:41,50.256,0.0263,0.0397,22.27,2.0,14.09,73.79
2026-08-23 19:21:46,58.951,0.0551,0.0815,43.142,4.0,17.27,68.24
2026-08-23 19:21:51,56.935,0.0382,0.0572,43.935,3.0,13.74,66.89
2026-08-23 19:21:56,59.375,0.0529,0.0806,25.014,3.0,10.51,67.58
2026-08-23 19:22:01,44.372,0.0253,0.041,23.744,5.0,17.29,67.18
2026-08-23 19:22:06,51.21,0.0539,0.0882,36.189,3.0,19.25,70.1
2026-08-23 19:22:11,70.46,0.0329,0.0517,41.368,5.0,15.06,67.82
2026-08-23 19:22:16,41.455,0.0523,0.0861,40.716,5.0,10.18,71.22
2026-08-23 19:22:21,62.438,0.0451,0.0647,34.935,2.0,14.05,67.37
2026-08-23 19:22:26,52.679,0.0355,0.0509,44.458,0.0,15.45,67.5
2026-08-23 19:22:31,69.417,0.0409,0.0601,20.096,4.0,12.57,66.21
2026-08-23 19:22:36,59.496,0.0519,0.0834,24.524,3.0,16.75,67.23
2026-08-23 19:22:41,43.627,0.0461,0.0684,26.697,2.0,12.28,64.53
2026-08-23 19:22:46,44.366,0.0508,0.0769,36.974,4.0,15.08,63.74
2026-08-23 19:22:51,36.243,0.0648,0.101,35.792,0.0,14.32,69.25
2026-08-23 19:22:56,47.663,0.0294,0.0506,24.739,1.0,16.85,64.51
2026-08-23 19:23:01,49.249,0.0612,0.086,37.465,2.0,14.96,68.81
2026-08-23 19:23:06,56.116,0.046,0.0764,34.0,2.0,14.41,67.0
2026-08-23 19:23:11,56.752,0.036,0.0601,34.753,2.0,12.59,69.88
2026-08-23 19:23:16,46.555,0.0317,0.0545,27.409,4.0,15.1,64.55
2026-08-23 19:23:21,37.771,0.0431,0.0764,31.938,5.0,14.22,69.2
2026-08-23 19:23:26,57.836,0.0542,0.0763,41.275,0.0,12.39,68.66
2026-08-23 19:23:31,14.769,0.0437,0.0639,0.0,0.0,15.48,68.73
2026-08-23 19:23:36,13.269,0.0601,0.1055,0.0,2.0,16.09,70.25
2026-08-23 19:23:41,14.584,0.0305,0.0483,0.0,3.0,13.98,68.14
2026-08-23 19:23:46,21.688,0.0449,0.073,0.0,1.0,17.79,63.1
2026-08-23 19:23:51,14.677,0.0325,0.0541,0.0,2.0,15.79,68.9
2026-08-23 19:23:56,27.213,0.0486,0.0813,0.0,1.0,11.15,68.64
2026-08-23 19:24:01,19.727,0.0539,0.0955,0.0,2.0,19.01,67.51
2026-08-23 19:24:06,18.647,0.0408,0.0734,0.0,1.0,17.3,66.32
2026-08-23 19:24:11,14.996,0.019,0.032,0.0,3.0,18.01,67.28
2026-08-23 19:24:16,20.451,0.047,0.0712,0.0,6.0,16.2,70.92
2026-08-23 19:24:21,15.985,0.0494,0.0865,0.0,4.0,7.99,66.16
2026-08-23 19:24:26,18.427,0.049,0.0696,0.0,2.0,18.28,64.52
2026-08-23 19:24:31,26.96,0.0574,0.0856,0.0,2.0,15.18,65.06
2026-08-23 19:24:36,17.664,0.0343,0.0603,0.0,0.0,16.06,67.93
2026-08-23 19:24:41,22.022,0.0518,0.0778,0.0,2.0,16.62,71.34
2026-08-23 19:24:46,15.539,0.0569,0.0847,0.0,2.0,20.81,72.41
2026-08-23 19:24:51,17.878,0.0272,0.0396,0.0,0.0,13.36,69.3
2026-08-23 19:24:56,24.198,0.0482,0.084,0.0,3.0,13.44,66.04
2026-08-23 19:25:01,15.806,0.04,0.0639,0.0,2.0,12.45,66.25
2026-08-23 19:25:06,24.344,0.0442,0.0738,0.0,2.0,11.79,69.75
2026-08-23 19:25:11,20.477,0.0485,0.0725,0.0,3.0,11.85,70.66
2026-08-23 19:25:16,16.031,0.0401,0.0683,0.0,1.0,9.44,66.72
2026-08-23 19:25:21,20.213,0.0382,0.0652,0.0,7.0,16.28,70.85
2026-08-23 19:25:26,21.404,0.0453,0.0691,0.0,3.0,20.96,67.54
2026-08-23 19:25:31,20.176,0.0341,0.0534,0.0,5.0,21.15,69.43
2026-08-23 19:25:36,12.504,0.0341,0.0507,0.0,1.0,12.44,70.29
2026-08-23 19:25:41,15.455,0.0518,0.0927,0.0,4.0,14.18,65.04
2026-08-23 19:25:46,17.134,0.0335,0.0556,0.0,1.0,18.7,68.9
2026-08-23 19:25:51,17.739,0.0517,0.0916,0.0,2.0,16.3,70.86
2026-08-23 19:25:56,20.172,0.0496,0.0755,0.0,1.0,15.4,66.88
2026-08-23 19:26:01,18.622,0.0277,0.0475,0.0,3.0,14.23,65.89
2026-08-23 19:26:06,13.326,0.0382,0.0652,0.0,3.0,18.53,68.99
2026-08-23 19:26:11,19.331,0.0569,0.0955,0.0,4.0,11.78,68.27
2026-08-23 19:26:16,20.137,0.0352,0.0629,0.0,2.0,16.44,67.35
2026-08-23 19:26:21,19.959,0.0404,0.0629,0.0,2.0,16.03,68.0
2026-08-23 19:26:26,21.783,0.0496,0.0721,0.0,3.0,15.13,64.66
2026-08-23 19:26:31,20.919,0.0528,0.0882,0.0,3.0,17.36,68.81
2026-08-23 19:26:36,19.607,0.0425,0.0719,0.0,3.0,15.1,71.19
2026-08-23 19:26:41,17.754,0.039,0.0636,0.0,2.0,13.4,66.57
2026-08-23 19:26:46,12.187,0.0592,0.0878,0.0,2.0,15.28,66.34
2026-08-23 19:26:51,19.504,0.0624,0.0999,0.0,4.0,10.22,68.35
2026-08-23 19:26:56,18.727,0.0548,0.0835,0.0,2.0,16.84,73.69
2026-08-23 19:27:01,18.951,0.0459,0.072,0.0,2.0,17.6,70.2
2026-08-23 19:27:06,13.531,0.0369,0.0612,0.0,2.0,13.03,67.81
2026-08-23 19:27:11,14.216,0.0367,0.0623,0.0,1.0,12.32,68.08
2026-08-23 19:27:16,21.686,0.0502,0.075,0.0,0.0,13.14,70.4
2026-08-23 19:27:21,17.862,0.0492,0.0768,0.0,2.0,14.81,66.18
2026-08-23 19:27:26,20.385,0.059,0.089,0.0,5.0,15.65,69.22
2026-08-23 19:27:31,18.099,0.0515,0.0762,0.0,4.0,19.85,65.77
2026-08-23 19:27:36,18.104,0.03,0.0513,0.0,3.0,19.47,69.85
2026-08-23 19:27:41,21.284,0.0555,0.0979,0.0,5.0,17.49,67.41
2026-08-23 19:27:46,16.194,0.035,0.0542,0.0,0.0,15.36,68.4
2026-08-23 19:27:51,18.336,0.0412,0.07,0.0,0.0,12.22,67.28
2026-08-23 19:27:56,16.382,0.0475,0.0835,0.0,3.0,20.04,69.4
2026-08-23 19:28:01,16.479,0.065,0.1129,0.0,0.0,14.26,67.65
2026-08-23 19:28:06,16.918,0.0761,0.1121,0.0,1.0,15.84,72.32
2026-08-23 19:28:11,18.777,0.0511,0.091,0.0,1.0,16.88,70.84
2026-08-23 19:28:16,16.324,0.0432,0.0669,0.0,3.0,15.18,65.39
2026-08-23 19:28:21,22.395,0.0503,0.0773,0.0,3.0,18.45,68.38
2026-08-23 19:28:26,14.869,0.0539,0.0768,0.0,2.0,16.37,69.47
2026-08-23 19:28:31,17.346,0.0418,0.0666,0.0,2.0,17.97,67.08
2026-08-23 19:28:36,16.461,0.063,0.0909,0.0,2.0,16.34,70.42
2026-08-23 19:28:41,23.064,0.0473,0.0709,0.0,0.0,14.89,70.19
2026-08-23 19:28:46,18.688,0.05,0.0763,0.0,2.0,15.22,67.83
2026-08-23 19:28:51,21.611,0.0517,0.089,0.0,4.0,14.81,69.96
2026-08-23 19:28:56,12.801,0.0492,0.0861,0.0,4.0,11.15,63.18
2026-08-23 19:29:01,18.935,0.0534,0.0812,0.0,5.0,12.0,70.72
2026-08-23 19:29:06,21.114,0.0388,0.0677,0.0,1.0,17.22,69.77
2026-08-23 19:29:11,18.288,0.0394,0.0687,0.0,3.0,11.22,65.82
2026-08-23 19:29:16,21.729,0.034,0.058,0.0,2.0,13.79,68.5
2026-08-23 19:29:21,16.189,0.0494,0.0721,0.0,1.0,11.85,63.95
2026-08-23 19:29:26,22.933,0.0528,0.0885,0.075,1.0,13.63,66.47
2026-08-23 19:29:31,26.046,0.0496,0.0881,0.0,2.0,14.53,70.19
2026-08-23 19:29:36,16.73,0.0617,0.1033,0.0,1.0,13.78,67.97
2026-08-23 19:29:41,16.441,0.0449,0.0689,0.0,1.0,10.71,67.86
2026-08-23 19:29:46,23.087,0.0517,0.0827,0.0,2.0,14.44,68.09
2026-08-23 19:29:51,23.529,0.0341,0.0565,0.0,1.0,12.12,67.86
2026-08-23 19:29:56,16.17,0.0411,0.066,0.0,4.0,13.09,69.97
2026-08-23 19:30:01,16.529,0.052,0.0752,0.0,1.0,17.22,66.76
2026-08-23 19:30:06,17.014,0.0535,0.0816,0.0,1.0,17.87,68.84
2026-08-23 19:30:11,13.294,0.0421,0.0724,0.0,3.0,11.07,65.71
2026-08-23 19:30:16,14.785,0.0443,0.0773,0.0,3.0,19.71,69.48
2026-08-23 19:30:21,14.486,0.0298,0.0434,0.0,1.0,13.47,67.36
2026-08-23 19:30:26,15.313,0.0414,0.0738,0.0,2.0,13.2,67.92
2026-08-23 19:30:31,17.879,0.0539,0.0826,0.0,3.0,12.33,67.28
2026-08-23 19:30:36,18.82,0.0508,0.0845,0.0,2.0,15.17,67.53
2026-08-23 19:30:41,23.427,0.05,0.085,0.0,3.0,20.94,65.99
2026-08-23 19:30:46,14.506,0.0455,0.0785,0.0,3.0,10.38,68.66
2026-08-23 19:30:51,21.445,0.0451,0.0801,0.0,3.0,8.83,69.11
2026-08-23 19:30:56,17.251,0.0384,0.0586,0.0,2.0,15.81,65.34
2026-08-23 19:31:01,17.827,0.052,0.0906,0.0,5.0,16.71,66.81
2026-08-23 19:31:06,20.362,0.0492,0.0715,0.0,3.0,15.16,68.06
2026-08-23 19:31:11,14.07,0.0499,0.084,0.0,4.0,16.79,66.8
2026-08-23 19:31:16,19.338,0.0397,0.0674,0.0,1.0,11.61,67.55
2026-08-23 19:31:21,18.583,0.0235,0.0392,0.0,0.0,12.17,71.23
2026-08-23 19:31:26,19.724,0.056,0.084,0.0,3.0,15.37,65.96
2026-08-23 19:31:31,19.012,0.0402,0.0703,0.0,2.0,20.27,63.38
2026-08-23 19:31:36,26.594,0.0364,0.0534,0.0,2.0,16.68,66.8
2026-08-23 19:31:41,15.768,0.0519,0.0738,0.0,1.0,16.82,67.34
2026-08-23 19:31:46,16.142,0.0411,0.0693,0.0,5.0,11.78,67.02
2026-08-23 19:31:51,15.819,0.0556,0.0884,0.0,3.0,16.27,68.54
2026-08-23 19:31:56,16.056,0.0512,0.089,0.0,1.0,11.45,65.94
2026-08-23 19:32:01,15.769,0.0518,0.0805,0.0,6.0,20.3,65.65
2026-08-23 19:32:06,22.162,0.0313,0.046,0.0,2.0,11.96,66.65
2026-08-23 19:32:11,22.972,0.0571,0.0991,0.0,0.0,12.61,66.69
2026-08-23 19:32:16,16.002,0.0476,0.0771,0.0,5.0,10.58,72.24
2026-08-23 19:32:21,15.087,0.0413,0.061,0.0,0.0,15.26,71.1
2026-08-23 19:32:26,19.65,0.0464,0.0784,0.0,2.0,15.13,64.66
2026-08-23 19:32:31,16.067,0.0272,0.0437,0.0,3.0,19.54,64.14
2026-08-23 19:32:36,20.215,0.0491,0.0806,0.0,2.0,17.33,67.83
2026-08-23 19:32:41,18.71,0.0347,0.055,0.0,2.0,12.63,71.82
2026-08-23 19:32:46,12.695,0.0315,0.0545,0.0,7.0,17.62,69.33
2026-08-23 19:32:51,23.416,0.0298,0.0516,0.0,2.0,11.27,67.93
2026-08-23 19:32:56,24.286,0.0561,0.0945,0.0,5.0,12.84,67.09
2026-08-23 19:33:01,15.855,0.0387,0.0558,0.0,3.0,15.36,70.15
2026-08-23 19:33:06,16.643,0.0603,0.1047,0.0,3.0,11.6,68.36
2026-08-23 19:33:11,19.001,0.0396,0.0661,0.0,2.0,18.19,71.46
2026-08-23 19:33:16,19.171,0.0279,0.0469,0.0,2.0,21.84,64.62
2026-08-23 19:33:21,20.305,0.0338,0.0523,0.0,2.0,14.12,68.85
2026-08-23 19:33:26,25.036,0.0574,0.1005,0.0,5.0,13.04,66.87
2026-08-23 19:33:31,17.381,0.0434,0.0734,0.0,2.0,14.61,68.83
2026-08-23 19:33:36,15.206,0.0395,0.0571,0.0,5.0,13.33,68.5
2026-08-23 19:33:41,13.172,0.0466,0.0728,0.0,5.0,15.79,69.02
2026-08-23 19:33:46,15.442,0.05,0.0878,0.0,2.0,11.03,69.96
2026-08-23 19:33:51,17.884,0.0562,0.0797,0.0,3.0,15.96,70.78
2026-08-23 19:33:56,24.281,0.0595,0.1062,0.0,4.0,20.74,71.9
2026-08-23 19:34:01,16.188,0.0414,0.0692,0.0,3.0,8.99,68.03
2026-08-23 19:34:06,18.783,0.0317,0.0525,0.0,2.0,11.49,66.92
2026-08-23 19:34:11,17.943,0.0409,0.0616,0.0,6.0,13.66,65.55
2026-08-23 19:34:16,22.159,0.0476,0.0714,0.0,1.0,16.63,68.87
2026-08-23 19:34:21,26.844,0.0354,0.0628,0.0,3.0,17.67,69.67
2026-08-23 19:34:26,16.142,0.0354,0.0538,0.0,3.0,17.43,65.3
2026-08-23 19:34:31,16.287,0.0484,0.0828,0.0,3.0,9.92,70.29
2026-08-23 19:34:36,21.655,0.0445,0.0693,0.0,2.0,12.98,67.8
2026-08-23 19:34:41,20.387,0.0453,0.066,0.0,5.0,12.3,65.49
2026-08-23 19:34:46,24.463,0.0374,0.0525,0.0,2.0,14.8,66.3
2026-08-23 19:34:51,20.044,0.0427,0.0691,0.0,1.0,15.05,66.11
2026-08-23 19:34:56,16.742,0.0358,0.064,0.0,2.0,10.89,66.15
2026-08-23 19:35:01,20.067,0.0539,0.0834,0.0,1.0,13.68,69.14
2026-08-23 19:35:06,21.88,0.0554,0.0854,0.0,0.0,16.74,69.73
2026-08-23 19:35:11,20.872,0.0265,0.0408,0.0,3.0,13.12,71.4
2026-08-23 19:35:16,19.775,0.0357,0.0574,0.0,3.0,14.4,66.6
2026-08-23 19:35:21,21.733,0.03,0.0473,0.0,4.0,20.09,68.69
2026-08-23 19:35:26,22.093,0.0385,0.0675,0.0,1.0,20.97,66.71
2026-08-23 19:35:31,22.838,0.0442,0.0708,0.0,3.0,8.52,68.04
2026-08-23 19:35:36,20.27,0.0305,0.0489,0.0,3.0,15.34,65.04
2026-08-23 19:35:41,17.415,0.0358,0.0521,0.0,0.0,23.75,65.75
2026-08-23 19:35:46,18.513,0.035,0.0627,0.0,1.0,16.44,69.61
2026-08-23 19:35:51,22.223,0.0471,0.0706,0.0,4.0,15.06,65.03
2026-08-23 19:35:56,15.141,0.0457,0.0653,0.0,1.0,18.94,69.23
2026-08-23 19:36:01,19.29,0.0378,0.0629,0.0,2.0,15.65,66.65
2026-08-23 19:36:06,16.623,0.0468,0.0766,0.0,3.0,17.13,64.15
2026-08-23 19:36:11,18.101,0.0395,0.0619,0.0,1.0,14.37,62.92
2026-08-23 19:36:16,22.475,0.0423,0.0663,0.0,3.0,15.61,70.93
2026-08-23 19:36:21,18.669,0.0617,0.1058,0.0,2.0,16.28,64.19
2026-08-23 19:36:26,18.163,0.0584,0.0863,0.0,5.0,17.6,67.87
2026-08-23 19:36:31,13.241,0.032,0.0553,0.0,1.0,13.7,68.71
2026-08-23 19:36:36,20.612,0.0533,0.0884,0.0,1.0,13.62,65.37
2026-08-23 19:36:41,20.259,0.0531,0.0833,0.0,5.0,9.22,66.89
2026-08-23 19:36:46,25.571,0.0335,0.0531,0.0,0.0,13.84,68.96
2026-08-23 19:36:51,16.923,0.0532,0.0799,0.0,2.0,17.86,68.59
2026-08-23 19:36:56,18.767,0.0604,0.1027,0.0,2.0,16.39,67.08
2026-08-23 19:37:01,18.873,0.0338,0.0542,0.0,3.0,12.01,68.47
2026-08-23 19:37:06,23.521,0.0358,0.0548,0.0,1.0,9.29,67.8
2026-08-23 19:37:11,17.666,0.0552,0.0904,0.0,4.0,14.57,66.06
2026-08-23 19:37:16,18.977,0.0477,0.0858,0.0,4.0,17.77,70.4
2026-08-23 19:37:21,20.128,0.0505,0.0795,0.0,2.0,13.56,68.41
2026-08-23 19:37:26,18.653,0.0484,0.0856,0.0,2.0,10.67,64.32
2026-08-23 19:37:31,16.437,0.0489,0.0752,0.0,2.0,13.23,69.04
2026-08-23 19:37:36,18.679,0.0317,0.0451,0.0,2.0,15.98,66.77
2026-08-23 19:37:41,21.758,0.0555,0.0822,0.0,5.0,18.73,67.42
2026-08-23 19:37:46,14.407,0.0567,0.0889,0.0,4.0,14.23,68.02
2026-08-23 19:37:51,18.465,0.0427,0.0635,0.0,0.0,18.16,66.41
2026-08-23 19:37:56,15.55,0.0446,0.0624,0.0,3.0,17.83,71.61
2026-08-23 19:38:01,22.183,0.0297,0.0524,0.0,3.0,11.47,65.01
2026-08-23 19:38:06,12.669,0.0501,0.0871,0.0,2.0,18.75,68.11
2026-08-23 19:38:11,16.044,0.0507,0.0861,0.0,2.0,15.89,68.76
2026-08-23 19:38:16,19.32,0.0444,0.0651,0.0,3.0,11.38,68.08
2026-08-23 19:38:21,23.479,0.0562,0.0814,0.0,6.0,20.28,67.62
2026-08-23 19:38:26,17.77,0.0417,0.0594,0.0,1.0,14.62,67.25
2026-08-23 19:38:31,16.057,0.0506,0.0856,0.0,0.0,9.17,66.39
2026-08-23 19:38:36,24.584,0.0348,0.0617,0.0,1.0,12.88,66.36
2026-08-23 19:38:41,12.932,0.0448,0.0704,0.0,1.0,12.14,70.32
2026-08-23 19:38:46,10.304,0.0433,0.0626,0.0,0.0,12.95,67.12
2026-08-23 19:38:51,19.54,0.0473,0.0758,0.0,1.0,13.66,72.26
2026-08-23 19:38:56,16.243,0.0413,0.0636,0.0,4.0,14.23,69.34
2026-08-23 19:39:01,14.426,0.0437,0.0677,0.0,1.0,14.11,62.66
2026-08-23 19:39:06,20.479,0.0533,0.0878,0.0,6.0,14.71,69.77
2026-08-23 19:39:11,18.853,0.0406,0.0686,0.0,1.0,16.76,67.89
2026-08-23 19:39:16,16.026,0.0289,0.0418,0.0,2.0,12.76,65.22
2026-08-23 19:39:21,13.519,0.0625,0.0884,0.0,3.0,18.54,70.61
2026-08-23 19:39:26,21.054,0.0588,0.1057,0.0,0.0,11.32,67.13
2026-08-23 19:39:31,20.276,0.0321,0.0479,0.0,6.0,16.85,66.96
2026-08-23 19:39:36,17.653,0.0519,0.0738,0.0,4.0,19.93,68.75
2026-08-23 19:39:41,24.463,0.04,0.059,0.0,1.0,14.47,70.29
2026-08-23 19:39:46,14.255,0.0476,0.0674,0.0,2.0,15.58,68.23
2026-08-23 19:39:51,12.661,0.0479,0.0746,0.0,7.0,12.1,68.08
2026-08-23 19:39:56,15.578,0.0427,0.0734,0.0,2.0,13.46,66.61
2026-08-23 19:40:01,17.84,0.0372,0.0571,0.0,2.0,19.7,70.25
2026-08-23 19:40:06,18.852,0.0381,0.0601,0.0,5.0,17.25,68.25
2026-08-23 19:40:11,17.156,0.0358,0.0599,0.0,4.0,16.26,67.55
2026-08-23 19:40:16,19.232,0.0367,0.0588,0.0,1.0,9.19,67.3
2026-08-23 19:40:21,13.62,0.0443,0.0773,0.0,4.0,12.85,70.05
2026-08-23 19:40:26,23.053,0.0378,0.0661,0.0,2.0,20.22,67.48
2026-08-23 19:40:31,17.712,0.0518,0.0728,0.0,5.0,16.23,70.06
2026-08-23 19:40:36,21.911,0.0599,0.1025,0.0,2.0,16.61,67.06
2026-08-23 19:40:41,19.2,0.0392,0.0621,0.0,1.0,15.51,69.44
2026-08-23 19:40:46,19.599,0.0474,0.0851,0.0,0.0,13.16,68.41
2026-08-23 19:40:51,19.994,0.05,0.0797,0.0,2.0,16.0,66.1
2026-08-23 19:40:56,19.567,0.0497,0.0892,0.0,1.0,10.41,67.83
2026-08-23 19:41:01,20.25,0.0458,0.0779,0.0,1.0,10.18,63.62
2026-08-23 19:41:06,22.652,0.0524,0.0786,0.0,1.0,12.79,66.51
2026-08-23 19:41:11,18.688,0.0498,0.0805,0.0,3.0,15.58,64.84
2026-08-23 19:41:16,20.482,0.0326,0.0586,0.0,6.0,10.29,72.0
2026-08-23 19:41:21,17.686,0.0537,0.0936,0.0,2.0,15.38,64.87
2026-08-23 19:41:26,23.04,0.0539,0.0775,0.0,0.0,12.02,73.17
2026-08-23 19:41:31,15.633,0.0374,0.0629,0.0,1.0,12.42,69.03
2026-08-23 19:41:36,24.303,0.0454,0.0698,0.0,2.0,18.9,66.96
2026-08-23 19:41:41,17.859,0.0518,0.0727,0.0,5.0,15.11,69.61
2026-08-23 19:41:46,12.992,0.0429,0.067,0.0,4.0,12.29,66.71
2026-08-23 19:41:51,18.448,0.0557,0.0833,0.0,1.0,15.56,65.18
2026-08-23 19:41:56,15.616,0.0686,0.1186,0.0,2.0,10.59,68.16
2026-08-23 19:42:01,20.942,0.0371,0.057,0.0,4.0,16.15,69.4
2026-08-23 19:42:06,15.716,0.0312,0.054,0.0,3.0,18.32,70.56
2026-08-23 19:42:11,16.438,0.048,0.0673,0.0,2.0,16.99,69.0
2026-08-23 19:42:16,11.387,0.0522,0.0795,0.0,2.0,21.47,66.94
2026-08-23 19:42:21,16.417,0.0427,0.0639,0.0,2.0,9.18,70.77
2026-08-23 19:42:26,9.516,0.0595,0.0889,0.0,0.0,15.38,70.33
2026-08-23 19:42:31,12.456,0.0316,0.0451,0.0,5.0,10.97,68.54
2026-08-23 19:42:36,20.661,0.0519,0.0766,0.0,3.0,14.48,70.42
2026-08-23 19:42:41,20.75,0.0389,0.0632,0.0,3.0,15.0,72.37
2026-08-23 19:42:46,19.489,0.0622,0.0943,0.0,2.0,21.84,66.91
2026-08-23 19:42:51,14.616,0.0649,0.1017,0.0,5.0,14.82,66.2
2026-08-23 19:42:56,17.833,0.0373,0.0579,0.0,2.0,14.76,66.85
2026-08-23 19:43:01,17.987,0.0395,0.0691,0.0,2.0,18.02,65.3
2026-08-23 19:43:06,13.946,0.0536,0.0944,0.0,2.0,14.84,69.18
2026-08-23 19:43:11,23.262,0.0411,0.0657,0.0,0.0,20.49,64.78
2026-08-23 19:43:16,21.071,0.0445,0.0682,0.0,3.0,17.01,70.53
2026-08-23 19:43:21,17.227,0.0453,0.0653,0.0,4.0,17.49,66.66
2026-08-23 19:43:26,18.094,0.0258,0.046,0.0,1.0,9.4,70.72
2026-08-23 19:43:31,18.729,0.0449,0.0639,0.0,4.0,20.96,62.89
2026-08-23 19:43:36,10.854,0.0381,0.0579,0.0,3.0,13.03,67.23
2026-08-23 19:43:41,17.135,0.0401,0.0609,0.0,2.0,14.97,65.41
2026-08-23 19:43:46,15.613,0.0594,0.0908,0.0,5.0,13.04,70.71
2026-08-23 19:43:51,14.494,0.0324,0.0475,0.0,3.0,11.93,71.36
2026-08-23 19:43:56,17.016,0.0531,0.091,0.0,2.0,11.39,63.31
2026-08-23 19:44:01,24.292,0.0422,0.0612,0.0,4.0,15.31,69.73
2026-08-23 19:44:06,20.243,0.0422,0.0698,0.0,2.0,9.09,70.14
2026-08-23 19:44:11,16.001,0.0529,0.0767,0.0,2.0,14.27,68.65
2026-08-23 19:44:16,20.004,0.0484,0.0691,0.0,3.0,18.17,69.18
2026-08-23 19:44:21,22.898,0.0507,0.0894,0.0,5.0,16.9,69.03
2026-08-23 19:44:26,21.236,0.0547,0.0807,0.0,2.0,16.3,69.74
2026-08-23 19:44:31,18.209,0.0417,0.0721,0.0,2.0,12.31,65.82
2026-08-23 19:44:36,15.736,0.0389,0.0629,0.0,2.0,10.24,70.4
2026-08-23 19:44:41,20.444,0.0341,0.0489,0.0,4.0,18.13,68.42
2026-08-23 19:44:46,19.377,0.0367,0.0655,0.0,4.0,13.65,68.3
2026-08-23 19:44:51,21.133,0.0745,0.1116,0.0,1.0,14.75,69.13
2026-08-23 19:44:56,20.223,0.0574,0.1002,0.0,1.0,14.41,65.46
2026-08-23 19:45:01,21.673,0.0315,0.0462,0.0,1.0,17.02,64.89
2026-08-23 19:45:06,16.127,0.0318,0.0553,0.0,0.0,20.53,67.76
2026-08-23 19:45:11,22.611,0.0498,0.07,0.0,5.0,19.39,71.09
2026-08-23 19:45:16,18.692,0.0505,0.081,0.0,0.0,8.0,65.63
2026-08-23 19:45:21,25.263,0.0505,0.0862,0.0,3.0,14.07,68.35
2026-08-23 19:45:26,15.588,0.0425,0.0753,0.0,4.0,10.96,66.57
2026-08-23 19:45:31,24.076,0.0437,0.0772,0.0,3.0,17.82,66.3
2026-08-23 19:45:36,18.693,0.0483,0.0834,0.0,1.0,15.01,69.0
2026-08-23 19:45:41,15.72,0.0459,0.0805,0.0,3.0,16.82,69.52
2026-08-23 19:45:46,16.306,0.0228,0.0337,0.0,2.0,13.82,66.42
2026-08-23 19:45:51,16.879,0.0427,0.0646,0.0,2.0,11.88,70.77
2026-08-23 19:45:56,19.485,0.0365,0.0553,0.0,1.0,12.4,68.85
2026-08-23 19:46:01,19.83,0.0468,0.0725,0.0,2.0,10.4,67.52
2026-08-23 19:46:06,15.992,0.0749,0.1166,0.0,3.0,11.21,68.7
2026-08-23 19:46:11,17.915,0.0487,0.0787,0.0,3.0,10.58,72.07
2026-08-23 19:46:16,25.498,0.0419,0.0613,0.0,3.0,11.89,69.51
2026-08-23 19:46:21,24.046,0.0542,0.0909,0.0,1.0,11.72,66.6
2026-08-23 19:46:26,19.527,0.0498,0.0731,0.0,5.0,16.18,67.96
2026-08-23 19:46:31,18.133,0.0492,0.075,0.0,3.0,16.06,68.26
2026-08-23 19:46:36,18.42,0.0511,0.0818,0.0,2.0,16.18,69.33
2026-08-23 19:46:41,20.147,0.0656,0.1127,0.0,2.0,18.52,68.48
2026-08-23 19:46:46,14.42,0.0337,0.0571,0.0,5.0,14.76,71.79
2026-08-23 19:46:51,17.099,0.0497,0.0825,0.0,3.0,12.66,67.55
2026-08-23 19:46:56,12.16,0.0357,0.0523,0.0,4.0,21.63,64.54
2026-08-23 19:47:01,19.397,0.0506,0.0818,0.0,3.0,17.72,68.43
2026-08-23 19:47:06,20.265,0.0358,0.0514,0.0,5.0,15.46,67.12
2026-08-23 19:47:11,16.309,0.0408,0.0633,0.0,2.0,15.25,64.99
2026-08-23 19:47:16,23.509,0.042,0.0658,0.0,7.0,15.87,66.59
2026-08-23 19:47:21,13.71,0.0548,0.0775,0.0,4.0,14.39,67.28
2026-08-23 19:47:26,12.875,0.0542,0.0818,0.0,1.0,15.38,70.28
2026-08-23 19:47:31,18.786,0.0325,0.058,0.0,1.0,16.5,65.03
2026-08-23 19:47:36,21.665,0.0455,0.0811,0.0,2.0,12.82,68.7
2026-08-23 19:47:41,23.894,0.0379,0.0584,0.0,2.0,10.1,72.44
2026-08-23 19:47:46,16.394,0.0324,0.0459,0.0,3.0,8.77,67.65
2026-08-23 19:47:51,21.775,0.0428,0.063,0.0,3.0,17.66,67.59
2026-08-23 19:47:56,17.865,0.0419,0.0653,0.0,2.0,10.25,69.44
2026-08-23 19:48:01,17.396,0.0693,0.1232,0.0,3.0,16.4,69.04
2026-08-23 19:48:06,21.093,0.0493,0.0718,0.0,3.0,11.54,70.84
2026-08-23 19:48:11,20.283,0.0312,0.0532,0.0,2.0,11.59,67.67
2026-08-23 19:48:16,12.483,0.0394,0.0568,0.0,4.0,12.85,69.4
2026-08-23 19:48:21,23.168,0.0552,0.099,0.0,2.0,15.58,69.44
2026-08-23 19:48:26,22.83,0.0659,0.1023,0.0,6.0,11.13,67.33
2026-08-23 19:48:31,15.811,0.0291,0.0498,0.0,8.0,13.15,67.77
2026-08-23 19:48:36,19.385,0.0262,0.0403,0.0,2.0,14.92,67.98
2026-08-23 19:48:41,19.729,0.0637,0.1052,0.0,5.0,11.37,65.52
2026-08-23 19:48:46,18.912,0.0489,0.0722,0.0,2.0,19.28,67.22
2026-08-23 19:48:51,16.074,0.0363,0.053,0.0,5.0,9.83,70.99
2026-08-23 19:48:56,15.649,0.0503,0.0894,0.0,3.0,14.35,70.08
2026-08-23 19:49:01,17.911,0.0186,0.0329,0.0,2.0,18.82,66.84
2026-08-23 19:49:06,22.105,0.045,0.079,0.0,3.0,11.03,67.97
2026-08-23 19:49:11,19.903,0.0483,0.0797,0.0,1.0,14.67,69.94
2026-08-23 19:49:16,16.703,0.0542,0.0935,0.0,3.0,15.4,68.89
2026-08-23 19:49:21,20.701,0.0349,0.0498,0.0,0.0,12.58,69.6
2026-08-23 19:49:26,8.03,0.0459,0.0703,0.0,1.0,14.77,69.07
2026-08-23 19:49:31,22.021,0.0357,0.0545,0.0,2.0,16.68,68.43
2026-08-23 19:49:36,11.911,0.0476,0.0787,0.0,2.0,13.6,67.67
2026-08-23 19:49:41,16.731,0.036,0.0556,0.0,0.0,17.29,65.61
2026-08-23 19:49:46,14.081,0.0409,0.0597,0.0,0.0,16.18,69.38
2026-08-23 19:49:51,13.469,0.035,0.0574,0.0,3.0,13.25,67.56
2026-08-23 19:49:56,22.063,0.0515,0.0889,0.0,3.0,18.38,64.7
2026-08-23 19:50:01,16.363,0.0536,0.0832,0.0,1.0,12.78,66.91
2026-08-23 19:50:06,19.213,0.0427,0.062,0.0,3.0,17.57,69.7
2026-08-23 19:50:11,17.836,0.0454,0.0671,0.0,5.0,12.83,64.17
2026-08-23 19:50:16,19.67,0.0305,0.0456,0.0,4.0,14.05,65.94
2026-08-23 19:50:21,18.269,0.042,0.0638,0.0,0.0,14.51,68.27
2026-08-23 19:50:26,13.51,0.0445,0.0737,0.0,1.0,16.02,70.81
2026-08-23 19:50:31,21.487,0.0712,0.1168,0.0,3.0,7.76,70.0
2026-08-23 19:50:36,16.272,0.0339,0.0569,0.0,3.0,16.37,71.0
2026-08-23 19:50:41,12.552,0.0596,0.0921,0.0,2.0,14.69,68.42
2026-08-23 19:50:46,16.502,0.055,0.0951,0.0,7.0,15.86,67.58
2026-08-23 19:50:51,23.253,0.0478,0.0708,0.0,1.0,16.51,69.69
2026-08-23 19:50:56,20.976,0.0626,0.0994,0.0,4.0,16.18,66.2
2026-08-23 19:51:01,16.78,0.0487,0.0838,0.0,2.0,8.98,66.05
2026-08-23 19:51:06,16.778,0.0489,0.072,0.0,3.0,11.82,65.69
2026-08-23 19:51:11,16.874,0.0445,0.0642,0.0,1.0,16.0,70.18
2026-08-23 19:51:16,25.269,0.0572,0.1004,0.0,6.0,15.6,66.33
2026-08-23 19:51:21,19.337,0.056,0.086,0.0,5.0,12.63,70.0
2026-08-23 19:51:26,19.505,0.0387,0.0648,0.0,2.0,17.21,68.3
2026-08-23 19:51:31,21.606,0.0318,0.0449,0.0,4.0,14.23,70.2
2026-08-23 19:51:36,18.836,0.043,0.072,0.0,0.0,17.66,65.79
2026-08-23 19:51:41,17.093,0.037,0.0565,0.0,3.0,18.63,66.75
2026-08-23 19:51:46,17.313,0.0444,0.0631,0.0,2.0,15.83,68.91
2026-08-23 19:51:51,17.749,0.0574,0.0943,0.0,4.0,16.67,67.14
2026-08-23 19:51:56,17.87,0.0404,0.0605,0.0,2.0,13.17,63.01
2026-08-23 19:52:01,20.547,0.0446,0.0693,0.0,3.0,17.68,65.26
2026-08-23 19:52:06,18.182,0.0456,0.0653,0.0,6.0,15.65,65.77
2026-08-23 19:52:11,20.564,0.0535,0.078,0.0,2.0,14.12,65.92
2026-08-23 19:52:16,17.717,0.0225,0.0342,0.0,3.0,11.34,69.36
2026-08-23 19:52:21,18.275,0.0389,0.0559,0.0,2.0,13.54,68.67
2026-08-23 19:52:26,11.006,0.0471,0.0831,0.0,5.0,11.67,68.32
2026-08-23 19:52:31,21.207,0.057,0.0799,0.0,3.0,17.28,72.02
2026-08-23 19:52:36,19.213,0.0401,0.0639,0.0,3.0,18.66,70.35
2026-08-23 19:52:41,125.74,0.0262,0.038,0.0,30.0,81.92,242.83
2026-08-23 19:52:46,93.654,0.0512,0.078,0.0,41.0,85.54,233.41
2026-08-23 19:52:51,149.759,0.0386,0.0684,0.0,53.0,70.91,227.27
2026-08-23 19:52:56,146.222,0.0331,0.0485,0.0,62.0,81.45,211.9
2026-08-23 19:53:01,157.551,0.0388,0.0692,0.0,59.0,79.14,160.72
2026-08-23 19:53:06,108.065,0.0432,0.064,0.0,59.0,84.73,235.89
2026-08-23 19:53:11,122.94,0.039,0.0661,0.0,33.0,66.47,238.94
2026-08-23 19:53:16,140.243,0.0229,0.0371,0.0,46.0,77.09,208.64
2026-08-23 19:53:21,95.829,0.054,0.0947,0.0,49.0,68.0,234.27
2026-08-23 19:53:26,125.246,0.0577,0.0936,0.0,48.0,62.57,189.42
2026-08-23 19:53:31,157.634,0.0515,0.0831,0.0,57.0,84.09,178.46
2026-08-23 19:53:36,133.922,0.0336,0.0497,0.0,53.0,81.12,216.75
2026-08-23 19:53:41,164.793,0.043,0.063,0.0,29.0,90.2,224.13
2026-08-23 19:53:46,125.883,0.0449,0.0794,0.0,45.0,86.9,189.03
2026-08-23 19:53:51,164.149,0.051,0.0781,0.0,28.0,70.05,213.53
2026-08-23 19:53:56,164.11,0.0517,0.08,0.0,33.0,67.01,204.21
2026-08-23 19:54:01,130.539,0.0377,0.0642,0.0,48.0,73.79,199.5
2026-08-23 19:54:06,98.603,0.0458,0.0704,0.0,43.0,81.26,188.62
2026-08-23 19:54:11,135.264,0.0496,0.0883,0.0,36.0,70.71,151.82
2026-08-23 19:54:16,110.341,0.0596,0.101,0.0,56.0,69.29,223.41
2026-08-23 19:54:21,164.202,0.052,0.0853,0.0,59.0,79.21,176.58
2026-08-23 19:54:26,106.214,0.0529,0.0927,0.0,32.0,79.0,183.3
2026-08-23 19:54:31,157.992,0.0458,0.0651,0.0,42.0,64.26,182.93
2026-08-23 19:54:36,95.178,0.0591,0.0888,0.0,60.0,72.53,215.72
2026-08-23 19:54:41,131.277,0.0491,0.0779,0.0,48.0,74.77,150.05
2026-08-23 19:54:46,146.928,0.0364,0.0542,0.0,51.0,73.98,188.95
2026-08-23 19:54:51,125.815,0.059,0.1002,0.0,34.0,67.59,225.91
2026-08-23 19:54:56,112.007,0.052,0.0919,0.0,40.0,75.16,160.75
2026-08-23 19:55:01,107.109,0.0406,0.0637,0.0,29.0,77.35,224.2
2026-08-23 19:55:06,102.005,0.0402,0.0618,0.0,53.0,79.51,183.99
2026-08-23 19:55:11,140.408,0.048,0.0856,0.0,35.0,65.51,233.59
2026-08-23 19:55:16,111.558,0.0496,0.0783,0.0,54.0,77.55,198.9
2026-08-23 19:55:21,171.824,0.047,0.075,0.0,50.0,63.16,243.13
2026-08-23 19:55:26,148.652,0.0481,0.0741,0.0,38.0,66.63,180.26
2026-08-23 19:55:31,157.912,0.062,0.1094,0.0,47.0,78.5,184.86
2026-08-23 19:55:36,136.111,0.0557,0.0907,0.0,39.0,89.76,179.52
2026-08-23 19:55:41,122.716,0.0469,0.08,0.0,29.0,78.37,186.53
2026-08-23 19:55:46,160.642,0.0544,0.0938,0.0,43.0,87.36,188.65
2026-08-23 19:55:51,146.987,0.0347,0.0533,0.0,43.0,71.02,173.32
2026-08-23 19:55:56,105.915,0.049,0.0771,0.0,60.0,95.08,170.24
2026-08-23 19:56:01,138.869,0.0631,0.1097,0.0,38.0,71.26,208.71
2026-08-23 19:56:06,157.63,0.0428,0.0662,0.0,38.0,93.2,190.87
2026-08-23 19:56:11,118.518,0.0365,0.0627,0.0,49.0,81.15,219.48
2026-08-23 19:56:16,113.84,0.0385,0.0684,0.0,36.0,73.42,157.02
2026-08-23 19:56:21,108.373,0.0341,0.0562,0.0,39.0,80.5,158.01
2026-08-23 19:56:26,102.846,0.0372,0.063,0.0,44.0,71.48,165.02
2026-08-23 19:56:31,122.765,0.0413,0.0711,0.0,41.0,84.58,163.36
2026-08-23 19:56:36,128.111,0.0309,0.0538,0.0,44.0,81.87,162.41
2026-08-23 19:56:41,150.817,0.0452,0.0704,0.0,32.0,84.38,172.55
2026-08-23 19:56:46,105.516,0.054,0.0767,0.058,57.0,87.93,210.78
2026-08-23 19:56:51,143.345,0.0359,0.0561,0.0,34.0,71.18,155.3
2026-08-23 19:56:56,102.313,0.0602,0.1005,0.0,55.0,83.86,169.07
2026-08-23 19:57:01,123.786,0.0501,0.0792,0.0,30.0,68.22,221.43
2026-08-23 19:57:06,150.463,0.0553,0.094,0.0,34.0,64.22,153.34
2026-08-23 19:57:11,129.817,0.0384,0.0593,0.0,55.0,79.76,151.18
2026-08-23 19:57:16,101.616,0.0535,0.0886,0.0,44.0,70.0,224.31
2026-08-23 19:57:21,131.318,0.0341,0.0503,0.0,47.0,88.55,176.18
2026-08-23 19:57:26,149.105,0.0539,0.0916,0.0,53.0,83.18,181.91
2026-08-23 19:57:31,108.23,0.0467,0.0756,0.0,36.0,73.75,182.17
2026-08-23 19:57:36,117.591,0.0505,0.0749,0.0,37.0,83.06,179.17
2026-08-23 19:57:41,9.252,0.0332,0.0504,0.0,4.0,16.46,68.91
2026-08-23 19:57:46,26.018,0.036,0.0613,0.0,1.0,16.31,69.18
2026-08-23 19:57:51,13.136,0.051,0.0812,0.0,1.0,14.1,67.18
2026-08-23 19:57:56,12.241,0.0355,0.0528,0.0,3.0,9.3,63.33
2026-08-23 19:58:01,21.579,0.0496,0.0887,0.0,4.0,14.29,66.82
2026-08-23 19:58:06,26.539,0.0313,0.0528,0.0,2.0,15.99,66.22
2026-08-23 19:58:11,22.845,0.0535,0.0954,0.0,2.0,17.43,68.62
2026-08-23 19:58:16,19.974,0.0327,0.0513,0.0,4.0,20.26,68.44
2026-08-23 19:58:21,20.082,0.0505,0.0803,0.0,2.0,18.36,67.46
2026-08-23 19:58:26,20.987,0.0513,0.0902,0.0,1.0,15.49,71.51
2026-08-23 19:58:31,20.656,0.038,0.0612,0.0,3.0,14.14,66.72
2026-08-23 19:58:36,18.984,0.0508,0.0855,0.0,0.0,12.77,63.55
2026-08-23 19:58:41,18.365,0.0476,0.0714,0.0,1.0,19.07,68.24
2026-08-23 19:58:46,17.781,0.0396,0.0625,0.0,3.0,15.5,70.38
2026-08-23 19:58:51,15.361,0.0349,0.0506,0.0,3.0,16.89,68.57
2026-08-23 19:58:56,17.018,0.0254,0.0376,0.0,2.0,13.23,67.29
2026-08-23 19:59:01,12.075,0.0485,0.0679,0.0,0.0,11.28,68.48
2026-08-23 19:59:06,17.656,0.0294,0.0416,0.0,4.0,13.8,71.68
2026-08-23 19:59:11,14.54,0.046,0.0823,0.0,1.0,14.09,66.25
2026-08-23 19:59:16,14.137,0.0424,0.0634,0.0,3.0,15.58,68.06
2026-08-23 19:59:21,18.63,0.0518,0.0862,0.0,1.0,12.79,69.34
2026-08-23 19:59:26,22.872,0.042,0.0729,0.0,3.0,15.07,68.51
2026-08-23 19:59:31,21.214,0.0417,0.0676,0.0,4.0,18.53,67.5
2026-08-23 19:59:36,12.503,0.0523,0.0765,0.0,2.0,9.98,67.15
2026-08-23 19:59:41,14.536,0.0484,0.0818,0.0,2.0,8.65,67.43
2026-08-23 19:59:46,21.293,0.0482,0.079,0.0,0.0,18.74,69.06
2026-08-23 19:59:51,14.561,0.0497,0.0841,0.0,3.0,10.61,68.95
2026-08-23 19:59:56,17.214,0.0296,0.0506,0.0,2.0,13.86,72.19
2026-08-23 20:00:01,19.925,0.0526,0.0941,0.0,3.0,16.83,64.93
2026-08-23 20:00:06,14.611,0.0511,0.0833,0.0,2.0,14.82,71.52
2026-08-23 20:00:11,18.369,0.0348,0.0535,0.0,6.0,14.78,67.59
2026-08-23 20:00:16,13.331,0.0426,0.0706,0.0,3.0,15.22,67.82
2026-08-23 20:00:21,15.895,0.0446,0.0637,0.0,1.0,22.56,69.72
2026-08-23 20:00:26,19.119,0.0437,0.0768,0.0,2.0,20.34,69.7
2026-08-23 20:00:31,12.425,0.0483,0.07,0.0,3.0,12.92,70.31
2026-08-23 20:00:36,19.542,0.0593,0.0908,0.0,5.0,18.15,70.75
2026-08-23 20:00:41,17.931,0.0558,0.0964,0.0,4.0,16.52,67.92
2026-08-23 20:00:46,19.934,0.0319,0.0522,0.0,1.0,14.94,70.78
2026-08-23 20:00:51,18.784,0.0512,0.0798,0.0,0.0,12.28,66.74
2026-08-23 20:00:56,22.774,0.0583,0.0926,0.0,7.0,16.35,67.39
2026-08-23 20:01:01,18.438,0.0489,0.0851,0.0,4.0,14.08,67.64
2026-08-23 20:01:06,16.497,0.0559,0.0859,0.0,1.0,13.86,66.95
2026-08-23 20:01:11,18.428,0.0651,0.1138,0.0,1.0,12.7,68.12
2026-08-23 20:01:16,19.902,0.0552,0.0793,0.0,5.0,18.0,69.79
2026-08-23 20:01:21,18.171,0.0475,0.0812,0.0,7.0,12.7,69.3
2026-08-23 20:01:26,18.142,0.0555,0.0964,0.0,2.0,12.72,66.77
2026-08-23 20:01:31,15.543,0.0464,0.0684,0.0,4.0,17.33,66.61
2026-08-23 20:01:36,15.68,0.0452,0.0711,0.0,2.0,14.57,66.29
2026-08-23 20:01:41,13.091,0.0415,0.0608,0.0,1.0,14.65,68.18
2026-08-23 20:01:46,24.124,0.0606,0.102,0.0,5.0,18.1,64.84
2026-08-23 20:01:51,13.646,0.0368,0.0594,0.0,6.0,18.94,66.22
2026-08-23 20:01:56,15.575,0.0603,0.0998,0.0,1.0,8.62,67.08
2026-08-23 20:02:01,15.486,0.05,0.0739,0.0,2.0,14.61,70.11
2026-08-23 20:02:06,21.132,0.031,0.046,0.0,0.0,10.77,67.74
2026-08-23 20:02:11,16.968,0.0487,0.069,0.0,2.0,13.84,70.01
2026-08-23 20:02:16,22.367,0.024,0.0367,0.0,4.0,14.98,68.38
2026-08-23 20:02:21,15.643,0.0513,0.0832,0.0,2.0,13.94,67.05
2026-08-23 20:02:26,18.976,0.0539,0.0939,0.0,2.0,11.92,67.13
2026-08-23 20:02:31,15.076,0.0391,0.0651,0.0,1.0,11.77,65.67
2026-08-23 20:02:36,25.508,0.0462,0.0728,0.0,3.0,17.18,72.81
2026-08-23 20:02:41,13.843,0.0645,0.115,0.0,2.0,19.6,70.22
2026-08-23 20:02:46,19.084,0.0399,0.0674,0.0,2.0,8.82,69.21
2026-08-23 20:02:51,20.218,0.0344,0.061,0.0,1.0,14.02,65.39
2026-08-23 20:02:56,19.448,0.0598,0.0964,0.065,4.0,17.2,67.1
2026-08-23 20:03:01,17.351,0.0646,0.0972,0.0,4.0,14.9,66.05
2026-08-23 20:03:06,17.546,0.045,0.064,0.0,3.0,11.66,68.26
2026-08-23 20:03:11,18.153,0.0551,0.0932,0.0,2.0,13.57,66.15
2026-08-23 20:03:16,17.485,0.0584,0.0846,0.0,6.0,15.91,66.66
2026-08-23 20:03:21,21.374,0.0376,0.0572,0.0,2.0,14.08,66.2
2026-08-23 20:03:26,25.737,0.0401,0.0648,0.0,3.0,14.86,67.52
2026-08-23 20:03:31,16.049,0.0573,0.0932,0.0,2.0,14.94,68.14
2026-08-23 20:03:36,13.206,0.0619,0.1014,0.0,5.0,13.43,67.57
2026-08-23 20:03:41,17.691,0.0506,0.0742,0.0,2.0,17.45,71.07
2026-08-23 20:03:46,27.029,0.0362,0.0562,0.0,2.0,13.57,69.62
2026-08-23 20:03:51,15.187,0.0649,0.1068,0.0,5.0,11.98,66.43
2026-08-23 20:03:56,23.737,0.0397,0.071,0.0,2.0,21.69,68.65
2026-08-23 20:04:01,23.872,0.0416,0.0704,0.0,2.0,14.77,66.6
2026-08-23 20:04:06,16.062,0.0484,0.0857,0.0,6.0,7.2,67.21
2026-08-23 20:04:11,19.991,0.0605,0.1032,0.0,0.0,18.76,68.96
2026-08-23 20:04:16,23.699,0.0535,0.0876,0.0,4.0,18.75,69.33
2026-08-23 20:04:21,16.673,0.0491,0.0726,0.0,0.0,16.37,66.83
2026-08-23 20:04:26,17.287,0.0496,0.0827,0.0,3.0,16.89,65.79
2026-08-23 20:04:31,15.964,0.0454,0.0749,0.0,2.0,21.48,68.18
2026-08-23 20:04:36,14.448,0.0506,0.083,0.0,3.0,12.11,68.87
2026-08-23 20:04:41,15.728,0.0197,0.0314,0.0,4.0,15.4,66.72
2026-08-23 20:04:46,13.716,0.042,0.0677,0.0,2.0,20.91,69.63
2026-08-23 20:04:51,18.119,0.0474,0.0727,0.0,8.0,21.54,69.28
2026-08-23 20:04:56,15.305,0.0335,0.0538,0.0,0.0,13.9,66.69
2026-08-23 20:05:01,18.818,0.0489,0.0723,0.0,6.0,21.03,70.26
2026-08-23 20:05:06,12.554,0.043,0.074,0.0,3.0,17.41,70.32
2026-08-23 20:05:11,19.158,0.0626,0.0922,0.0,1.0,19.49,72.14
2026-08-23 20:05:16,20.917,0.0607,0.0871,0.0,1.0,17.31,71.42
2026-08-23 20:05:21,11.022,0.0403,0.0635,0.0,2.0,15.92,66.19
2026-08-23 20:05:26,19.309,0.0435,0.0723,0.0,3.0,21.63,69.85
2026-08-23 20:05:31,22.297,0.0443,0.0697,0.0,5.0,13.41,69.76
2026-08-23 20:05:36,13.766,0.0405,0.0612,0.0,0.0,20.71,67.3
2026-08-23 20:05:41,23.854,0.047,0.0762,0.0,1.0,21.18,68.91
2026-08-23 20:05:46,19.467,0.0374,0.0576,0.0,2.0,19.09,64.24
2026-08-23 20:05:51,15.532,0.0337,0.0597,0.0,3.0,14.78,64.19
2026-08-23 20:05:56,17.805,0.0512,0.0906,0.0,2.0,15.73,64.57
2026-08-23 20:06:01,19.954,0.0513,0.0821,0.0,4.0,11.18,68.78
2026-08-23 20:06:06,18.266,0.037,0.0566,0.0,3.0,13.64,68.87
2026-08-23 20:06:11,19.886,0.054,0.0914,0.0,2.0,16.86,67.45
2026-08-23 20:06:16,14.778,0.0387,0.0547,0.0,2.0,10.72,71.44
2026-08-23 20:06:21,18.593,0.0475,0.0756,0.0,3.0,14.11,69.97
2026-08-23 20:06:26,13.052,0.0532,0.0816,0.0,2.0,20.83,64.8
2026-08-23 20:06:31,17.611,0.0447,0.079,0.0,1.0,14.54,67.66
2026-08-23 20:06:36,14.836,0.0495,0.0696,0.0,3.0,18.1,66.12
2026-08-23 20:06:41,15.426,0.0398,0.0646,0.0,7.0,16.7,68.83
2026-08-23 20:06:46,22.326,0.043,0.073,0.0,3.0,14.08,67.94
2026-08-23 20:06:51,21.82,0.0429,0.0684,0.0,2.0,14.53,66.23
2026-08-23 20:06:56,20.132,0.0375,0.0538,0.0,5.0,15.5,71.39
2026-08-23 20:07:01,14.177,0.0432,0.0773,0.0,1.0,8.85,68.11
2026-08-23 20:07:06,16.893,0.0295,0.0474,0.0,1.0,17.84,67.17
2026-08-23 20:07:11,22.246,0.0401,0.066,0.0,1.0,14.64,67.49
2026-08-23 20:07:16,18.496,0.0422,0.063,0.0,4.0,17.95,71.24
2026-08-23 20:07:21,26.118,0.0424,0.0676,0.0,2.0,16.16,69.82
2026-08-23 20:07:26,19.377,0.0426,0.0669,0.0,3.0,14.51,67.68
2026-08-23 20:07:31,18.672,0.0444,0.0635,0.0,3.0,15.59,66.02
2026-08-23 20:07:36,16.918,0.0498,0.0718,0.0,2.0,15.6,66.33
2026-08-23 20:07:41,18.467,0.0537,0.0932,0.0,0.0,19.43,67.04
2026-08-23 20:07:46,17.466,0.0385,0.0576,0.0,1.0,15.19,69.01
2026-08-23 20:07:51,20.478,0.033,0.0487,0.0,2.0,15.86,69.51
2026-08-23 20:07:56,21.348,0.0346,0.0554,0.0,2.0,11.21,66.55
2026-08-23 20:08:01,15.249,0.0401,0.0685,0.0,0.0,14.86,69.6
2026-08-23 20:08:06,13.341,0.0415,0.0591,0.0,0.0,19.36,66.18
2026-08-23 20:08:11,11.573,0.0373,0.0608,0.0,3.0,16.29,66.78
2026-08-23 20:08:16,19.778,0.032,0.0464,0.0,1.0,11.76,65.1
2026-08-23 20:08:21,14.138,0.0404,0.0572,0.0,6.0,12.08,65.04
2026-08-23 20:08:26,10.465,0.0468,0.0665,0.0,3.0,12.78,66.16
2026-08-23 20:08:31,19.36,0.051,0.0883,0.0,0.0,18.0,67.95
2026-08-23 20:08:36,26.725,0.0394,0.0571,0.0,3.0,17.63,66.01
2026-08-23 20:08:41,17.979,0.0409,0.058,0.0,1.0,5.0,71.0
2026-08-23 20:08:46,20.935,0.0357,0.0563,0.0,3.0,14.76,66.14
2026-08-23 20:08:51,18.286,0.0447,0.0776,0.0,2.0,15.44,68.37
2026-08-23 20:08:56,17.654,0.0365,0.055,0.0,2.0,12.11,70.64
2026-08-23 20:09:01,21.217,0.0507,0.0796,0.0,1.0,13.83,68.19
2026-08-23 20:09:06,16.984,0.0271,0.0384,0.0,5.0,18.99,67.27
2026-08-23 20:09:11,18.936,0.0414,0.0654,0.0,2.0,16.23,68.29
2026-08-23 20:09:16,19.126,0.048,0.0783,0.0,0.0,13.5,66.88
2026-08-23 20:09:21,15.662,0.0468,0.0763,0.0,3.0,14.44,66.0
2026-08-23 20:09:26,21.472,0.0719,0.1103,0.0,2.0,14.32,69.23
2026-08-23 20:09:31,17.388,0.0485,0.074,0.0,4.0,15.85,66.83
2026-08-23 20:09:36,15.355,0.035,0.0504,0.0,2.0,10.71,69.87
2026-08-23 20:09:41,19.878,0.044,0.0681,0.0,4.0,12.99,69.59
2026-08-23 20:09:46,14.855,0.0272,0.0392,0.0,5.0,18.11,68.33
2026-08-23 20:09:51,18.099,0.0442,0.0754,0.0,1.0,14.78,69.94
2026-08-23 20:09:56,17.968,0.0367,0.0655,0.0,4.0,12.45,66.91
2026-08-23 20:10:01,21.801,0.0542,0.0968,0.0,1.0,12.57,69.57
2026-08-23 20:10:06,19.661,0.0395,0.069,0.0,3.0,17.16,69.56
2026-08-23 20:10:11,17.912,0.0438,0.0719,0.0,2.0,13.45,67.4
2026-08-23 20:10:16,20.862,0.0386,0.0649,0.0,4.0,16.53,67.14
2026-08-23 20:10:21,22.866,0.0624,0.0945,0.0,1.0,13.12,68.66
2026-08-23 20:10:26,19.952,0.0418,0.069,0.0,5.0,11.61,71.94
2026-08-23 20:10:31,18.036,0.0633,0.1002,0.0,3.0,15.73,67.54
2026-08-23 20:10:36,13.409,0.0531,0.0846,0.0,1.0,14.71,67.1
2026-08-23 20:10:41,14.272,0.0498,0.0849,0.0,1.0,17.06,70.36
2026-08-23 20:10:46,16.932,0.0487,0.0737,0.0,3.0,17.65,68.14
2026-08-23 20:10:51,15.867,0.0489,0.0747,0.0,4.0,13.93,69.73
2026-08-23 20:10:56,17.346,0.0257,0.0455,0.0,2.0,16.05,70.95
2026-08-23 20:11:01,18.198,0.0422,0.06,0.0,1.0,13.83,64.19
2026-08-23 20:11:06,19.854,0.0535,0.0852,0.0,2.0,16.9,67.92
2026-08-23 20:11:11,17.753,0.0445,0.0786,0.0,6.0,15.7,67.54
2026-08-23 20:11:16,19.703,0.0309,0.0509,0.0,3.0,13.13,66.08
2026-08-23 20:11:21,18.226,0.0445,0.072,0.0,4.0,12.88,64.16
2026-08-23 20:11:26,11.086,0.062,0.0931,0.0,0.0,15.81,64.82
2026-08-23 20:11:31,14.712,0.0575,0.0883,0.0,3.0,18.49,68.21
2026-08-23 20:11:36,17.496,0.0444,0.0773,0.0,2.0,17.7,66.93
2026-08-23 20:11:41,13.766,0.0545,0.0885,0.0,4.0,12.17,66.4
2026-08-23 20:11:46,20.1,0.0413,0.0664,0.0,0.0,12.49,68.19
2026-08-23 20:11:51,23.358,0.028,0.0403,0.0,3.0,12.93,66.62
2026-08-23 20:11:56,22.266,0.0358,0.0503,0.0,2.0,13.21,70.58
2026-08-23 20:12:01,17.253,0.0606,0.1083,0.0,1.0,9.55,66.76
2026-08-23 20:12:06,23.218,0.0423,0.0655,0.0,3.0,17.37,71.01
2026-08-23 20:12:11,18.52,0.0426,0.0699,0.0,2.0,13.63,67.94
2026-08-23 20:12:16,16.82,0.042,0.0601,0.0,3.0,16.39,66.7
2026-08-23 20:12:21,15.853,0.064,0.1072,0.0,2.0,14.05,66.55
2026-08-23 20:12:26,16.941,0.0613,0.1086,0.0,2.0,14.93,71.03
2026-08-23 20:12:31,16.641,0.0672,0.1095,0.0,4.0,12.94,69.39
2026-08-23 20:12:36,18.596,0.0434,0.063,0.0,3.0,14.92,66.48
2026-08-23 20:12:41,18.562,0.048,0.0783,0.0,3.0,12.39,68.24
2026-08-23 20:12:46,18.011,0.0298,0.0509,0.0,6.0,14.94,63.28
2026-08-23 20:12:51,19.529,0.0598,0.0934,0.0,2.0,19.37,65.34
2026-08-23 20:12:56,22.167,0.0333,0.0584,0.0,5.0,16.56,66.5
2026-08-23 20:13:01,21.323,0.0472,0.0783,0.0,3.0,15.87,66.45
2026-08-23 20:13:06,12.803,0.034,0.0599,0.0,0.0,11.04,70.43
2026-08-23 20:13:11,9.061,0.0391,0.0645,0.0,1.0,16.7,64.17
2026-08-23 20:13:16,21.27,0.0366,0.0532,0.0,2.0,16.99,65.14
2026-08-23 20:13:21,13.216,0.0389,0.0593,0.0,4.0,15.8,68.9
2026-08-23 20:13:26,17.213,0.0396,0.0586,0.0,2.0,15.64,68.46
2026-08-23 20:13:31,13.905,0.0395,0.0697,0.0,6.0,14.58,67.3
2026-08-23 20:13:36,11.693,0.0533,0.0909,0.0,3.0,16.95,72.1
2026-08-23 20:13:41,19.895,0.034,0.0567,0.0,4.0,19.19,69.23
2026-08-23 20:13:46,20.657,0.0472,0.0718,0.0,7.0,15.99,70.45
2026-08-23 20:13:51,15.982,0.0572,0.0843,0.0,3.0,12.08,67.9
2026-08-23 20:13:56,8.931,0.0399,0.0679,0.0,3.0,12.31,66.91
2026-08-23 20:14:01,16.088,0.0378,0.0601,0.0,1.0,17.18,66.94
2026-08-23 20:14:06,19.371,0.0427,0.0636,0.0,3.0,12.11,69.86
2026-08-23 20:14:11,12.824,0.0568,0.0935,0.0,2.0,15.6,69.55
2026-08-23 20:14:16,18.642,0.0469,0.0665,0.0,4.0,13.96,67.56
2026-08-23 20:14:21,17.946,0.0397,0.0607,0.0,4.0,11.78,68.94
2026-08-23 20:14:26,20.028,0.0498,0.0791,0.0,1.0,17.5,69.93
2026-08-23 20:14:31,18.419,0.034,0.0496,0.0,4.0,17.12,66.87
2026-08-23 20:14:36,14.594,0.0518,0.0929,0.0,4.0,10.93,67.31
2026-08-23 20:14:41,22.188,0.0491,0.0728,0.0,2.0,16.44,68.89
2026-08-23 20:14:46,17.445,0.0419,0.0609,0.0,5.0,16.01,64.42
2026-08-23 20:14:51,17.904,0.0366,0.0542,0.0,1.0,17.51,68.93
2026-08-23 20:14:56,14.734,0.0361,0.0617,0.0,3.0,15.5,65.75
2026-08-23 20:15:01,16.449,0.0503,0.0791,0.0,1.0,19.28,69.88
2026-08-23 20:15:06,14.903,0.0573,0.0932,0.0,2.0,14.62,72.3
2026-08-23 20:15:11,17.395,0.0386,0.0544,0.0,2.0,14.18,66.61
2026-08-23 20:15:16,23.991,0.0496,0.0701,0.0,1.0,12.08,65.3
2026-08-23 20:15:21,13.198,0.0241,0.0381,0.0,0.0,12.2,67.64
2026-08-23 20:15:26,12.353,0.0392,0.0676,0.0,1.0,11.93,67.47
2026-08-23 20:15:31,23.149,0.0447,0.0784,0.0,3.0,15.66,69.32
2026-08-23 20:15:36,17.267,0.0359,0.0515,0.0,5.0,14.19,68.47
2026-08-23 20:15:41,15.658,0.0356,0.0576,0.0,3.0,15.99,67.41
2026-08-23 20:15:46,21.64,0.0383,0.0676,0.0,4.0,11.37,68.18
2026-08-23 20:15:51,15.88,0.0479,0.0745,0.0,1.0,12.43,65.76
2026-08-23 20:15:56,24.391,0.0431,0.0747,0.0,1.0,12.38,69.66
2026-08-23 20:16:01,20.373,0.0226,0.0329,0.0,3.0,21.51,71.24
2026-08-23 20:16:06,16.292,0.0238,0.0422,0.0,5.0,14.5,65.6
2026-08-23 20:16:11,25.551,0.0389,0.0662,0.0,6.0,14.8,64.84
2026-08-23 20:16:16,15.88,0.0496,0.0881,0.0,3.0,14.77,67.2
2026-08-23 20:16:21,20.597,0.0175,0.0293,0.0,1.0,19.66,65.56
2026-08-23 20:16:26,19.048,0.04,0.0618,0.0,2.0,10.16,65.45
2026-08-23 20:16:31,22.556,0.0397,0.0705,0.0,1.0,14.82,65.2
2026-08-23 20:16:36,23.465,0.0589,0.0889,0.0,2.0,10.13,67.61
2026-08-23 20:16:41,18.112,0.0411,0.0631,0.0,1.0,7.86,67.18
2026-08-23 20:16:46,15.363,0.0488,0.0821,0.0,3.0,12.8,68.75
2026-08-23 20:16:51,19.61,0.0464,0.0792,0.0,0.0,16.24,66.87
2026-08-23 20:16:56,15.628,0.0237,0.042,0.0,3.0,12.61,65.57
2026-08-23 20:17:01,25.047,0.0527,0.0781,0.0,4.0,16.19,67.97
2026-08-23 20:17:06,18.478,0.0472,0.0811,0.0,3.0,15.32,65.88
2026-08-23 20:17:11,16.721,0.0501,0.0849,0.0,1.0,14.58,69.02
2026-08-23 20:17:16,18.646,0.0843,0.1201,0.0,1.0,18.79,64.67
2026-08-23 20:17:21,13.285,0.0242,0.0376,0.0,4.0,13.21,63.67
2026-08-23 20:17:26,14.599,0.0622,0.0942,0.0,2.0,16.14,64.78
2026-08-23 20:17:31,22.201,0.0421,0.0641,0.0,2.0,9.59,67.16
2026-08-23 20:17:36,15.701,0.0479,0.0858,0.0,1.0,15.3,67.43
2026-08-23 20:17:41,14.336,0.0445,0.0738,0.0,2.0,14.23,68.27
2026-08-23 20:17:46,19.878,0.0408,0.0688,0.0,2.0,11.45,66.87
2026-08-23 20:17:51,22.15,0.0393,0.0704,0.0,3.0,16.2,66.31
2026-08-23 20:17:56,20.516,0.0483,0.0749,0.0,2.0,12.78,70.87
2026-08-23 20:18:01,21.486,0.0298,0.0513,0.0,2.0,20.2,70.34
2026-08-23 20:18:06,15.351,0.0525,0.0826,0.0,4.0,7.7,69.97
2026-08-23 20:18:11,13.024,0.0408,0.0714,0.0,2.0,15.74,68.62
2026-08-23 20:18:16,23.255,0.0337,0.0496,0.0,4.0,15.13,68.78
2026-08-23 20:18:21,16.871,0.0405,0.0721,0.0,0.0,14.16,66.39
2026-08-23 20:18:26,17.122,0.0576,0.0856,0.0,0.0,13.41,68.29
2026-08-23 20:18:31,22.649,0.0396,0.0607,0.0,1.0,15.21,66.12
2026-08-23 20:18:36,19.947,0.0486,0.0827,0.0,3.0,18.19,65.89
2026-08-23 20:18:41,19.596,0.0377,0.0587,0.0,5.0,9.98,64.77
2026-08-23 20:18:46,25.578,0.0526,0.0864,0.0,1.0,12.58,68.81
2026-08-23 20:18:51,15.748,0.0519,0.0818,0.0,2.0,11.85,68.33
2026-08-23 20:18:56,21.247,0.0635,0.1077,0.0,2.0,11.71,67.39
2026-08-23 20:19:01,18.2,0.0432,0.0645,0.0,0.0,16.03,67.13
2026-08-23 20:19:06,18.94,0.0517,0.0736,0.0,0.0,16.77,64.34
2026-08-23 20:19:11,23.35,0.046,0.0699,0.0,0.0,18.2,68.51
2026-08-23 20:19:16,19.777,0.058,0.0921,0.0,1.0,16.82,67.37
2026-08-23 20:19:21,19.884,0.0378,0.0555,0.0,2.0,17.06,69.79
2026-08-23 20:19:26,21.754,0.0525,0.0809,0.0,1.0,10.76,68.29
2026-08-23 20:19:31,16.723,0.0431,0.0672,0.0,4.0,19.45,69.41
2026-08-23 20:19:36,15.063,0.0444,0.0631,0.0,6.0,14.37,67.99
2026-08-23 20:19:41,14.343,0.0459,0.075,0.0,1.0,18.1,68.36
2026-08-23 20:19:46,11.118,0.0475,0.0833,0.0,3.0,10.87,69.86
2026-08-23 20:19:51,25.197,0.0438,0.064,0.0,2.0,14.28,67.62
2026-08-23 20:19:56,14.139,0.0471,0.0773,0.0,1.0,17.83,68.94
2026-08-23 20:20:01,17.226,0.0608,0.1013,0.0,4.0,15.08,67.11
2026-08-23 20:20:06,17.031,0.0549,0.086,0.0,1.0,12.74,67.74
2026-08-23 20:20:11,19.076,0.0537,0.0902,0.0,0.0,18.93,71.19
2026-08-23 20:20:16,20.855,0.0404,0.0633,0.0,3.0,11.49,69.28
2026-08-23 20:20:21,21.012,0.0361,0.0578,0.0,1.0,14.94,66.92
2026-08-23 20:20:26,15.959,0.0546,0.0765,0.0,2.0,16.92,68.85
2026-08-23 20:20:31,17.415,0.0538,0.0901,0.0,4.0,21.29,65.44
2026-08-23 20:20:36,18.989,0.0597,0.0994,0.0,3.0,13.62,67.56
2026-08-23 20:20:41,17.13,0.039,0.0551,0.0,2.0,14.17,66.09
2026-08-23 20:20:46,23.626,0.0427,0.0661,0.0,5.0,13.67,68.9
2026-08-23 20:20:51,19.718,0.0286,0.0512,0.0,2.0,15.72,67.62
2026-08-23 20:20:56,20.572,0.0411,0.0644,0.0,1.0,16.76,68.57
2026-08-23 20:21:01,20.32,0.055,0.088,0.0,4.0,18.28,69.55
2026-08-23 20:21:06,22.107,0.0403,0.0711,0.0,4.0,17.27,67.08
2026-08-23 20:21:11,18.634,0.0514,0.0867,0.0,4.0,13.51,67.15
2026-08-23 20:21:16,13.461,0.0431,0.0704,0.052,5.0,17.44,67.93
2026-08-23 20:21:21,19.399,0.0482,0.0829,0.0,3.0,15.27,66.28
2026-08-23 20:21:26,15.72,0.0335,0.0585,0.0,0.0,17.24,67.98
2026-08-23 20:21:31,16.15,0.0459,0.0726,0.0,0.0,17.41,68.08
2026-08-23 20:21:36,20.052,0.0151,0.024,0.0,4.0,19.89,68.46
2026-08-23 20:21:41,22.334,0.0431,0.067,0.0,7.0,13.94,68.84
2026-08-23 20:21:46,18.074,0.0287,0.0513,0.0,1.0,13.36,64.79
2026-08-23 20:21:51,19.081,0.0571,0.0958,0.0,0.0,16.34,65.43
2026-08-23 20:21:56,23.958,0.0528,0.0756,0.0,1.0,18.55,65.67
2026-08-23 20:22:01,18.843,0.0497,0.0867,0.0,1.0,15.17,68.19
2026-08-23 20:22:06,27.106,0.0602,0.0959,0.0,3.0,18.74,67.43
2026-08-23 20:22:11,19.979,0.0355,0.0507,0.0,1.0,17.07,63.46
2026-08-23 20:22:16,11.837,0.0625,0.1012,0.0,2.0,14.4,71.89
2026-08-23 20:22:21,20.637,0.0543,0.0851,0.071,2.0,16.69,64.02
2026-08-23 20:22:26,19.334,0.0426,0.0747,0.0,0.0,13.7,68.06
2026-08-23 20:22:31,22.514,0.0564,0.0835,0.0,6.0,15.72,69.13
2026-08-23 20:22:36,20.356,0.0339,0.0587,0.0,1.0,11.78,66.56
2026-08-23 20:22:41,17.515,0.0368,0.0597,0.0,8.0,14.8,69.28
2026-08-23 20:22:46,13.715,0.0389,0.0553,0.0,3.0,18.0,65.98
2026-08-23 20:22:51,17.268,0.0397,0.071,0.0,3.0,17.3,68.34
2026-08-23 20:22:56,15.023,0.0344,0.0553,0.0,0.0,16.86,63.64
2026-08-23 20:23:01,15.968,0.0572,0.0868,0.0,2.0,15.86,70.35
2026-08-23 20:23:06,20.06,0.0424,0.0673,0.0,1.0,15.48,68.0
2026-08-23 20:23:11,23.845,0.0485,0.0846,0.0,1.0,11.2,64.81
2026-08-23 20:23:16,19.381,0.0393,0.0598,0.0,2.0,14.38,69.26
2026-08-23 20:23:21,13.814,0.0268,0.0396,0.0,1.0,15.55,71.26
2026-08-23 20:23:26,19.556,0.0477,0.0692,0.0,1.0,11.63,66.15
2026-08-23 20:23:31,22.188,0.0259,0.0393,0.0,4.0,9.74,67.58
2026-08-23 20:23:36,15.866,0.0443,0.0759,0.0,4.0,18.39,66.97
2026-08-23 20:23:41,17.531,0.0313,0.0498,0.0,0.0,15.15,66.46
2026-08-23 20:23:46,18.051,0.0649,0.0967,0.0,9.0,15.63,66.25
2026-08-23 20:23:51,15.253,0.0541,0.0794,0.0,2.0,16.67,66.71
2026-08-23 20:23:56,20.269,0.0461,0.0706,0.0,2.0,12.05,66.82
2026-08-23 20:24:01,17.577,0.0576,0.1024,0.0,1.0,13.79,67.29
2026-08-23 20:24:06,19.468,0.0365,0.0562,0.0,2.0,19.51,67.14
2026-08-23 20:24:11,14.894,0.0504,0.0905,0.0,2.0,13.53,69.52
2026-08-23 20:24:16,16.469,0.047,0.0749,0.0,3.0,14.2,69.34
2026-08-23 20:24:21,20.528,0.0476,0.0701,0.0,0.0,12.99,64.93
2026-08-23 20:24:26,16.695,0.0577,0.1014,0.0,1.0,12.78,66.81
2026-08-23 20:24:31,24.044,0.0523,0.0829,0.0,2.0,18.32,70.5
2026-08-23 20:24:36,16.601,0.0479,0.0806,0.0,3.0,7.57,68.59
2026-08-23 20:24:41,18.786,0.0285,0.051,0.0,2.0,13.63,68.67
2026-08-23 20:24:46,21.264,0.0354,0.0503,0.0,1.0,15.68,68.48
2026-08-23 20:24:51,13.036,0.0438,0.063,0.0,3.0,20.09,67.48
2026-08-23 20:24:56,11.837,0.0459,0.0775,0.0,1.0,11.59,67.92
2026-08-23 20:25:01,12.66,0.0337,0.051,0.0,4.0,11.08,67.19
2026-08-23 20:25:06,22.419,0.0691,0.1019,0.0,7.0,12.42,69.71
2026-08-23 20:25:11,16.068,0.0602,0.0852,0.0,1.0,17.11,67.21
2026-08-23 20:25:16,26.954,0.051,0.0719,0.0,2.0,15.38,67.77
2026-08-23 20:25:21,16.025,0.0457,0.0782,0.0,5.0,10.67,69.47
2026-08-23 20:25:26,18.646,0.0429,0.0623,0.0,3.0,15.3,67.34
2026-08-23 20:25:31,23.397,0.0355,0.0563,0.0,3.0,19.65,67.86
2026-08-23 20:25:36,25.021,0.0458,0.0752,0.0,4.0,15.79,67.28
2026-08-23 20:25:41,25.215,0.0476,0.0748,0.0,2.0,15.49,67.82
2026-08-23 20:25:46,22.229,0.0326,0.046,0.0,3.0,15.67,67.35
2026-08-23 20:25:51,21.584,0.0483,0.0828,0.0,3.0,16.24,66.93
2026-08-23 20:25:56,20.074,0.0434,0.061,0.0,2.0,11.2,66.58
